{
  "ColorDiffuse": {
    "b": 1,
    "g": 0.89571,
    "r": 0.38153
  },
  "ContainedObjects_order": [
    "08738.41e59f",
    "08737.b5eec7",
    "08736.e8afc8",
    "08735.79710c",
    "08734.4e5223",
    "08733.df83a8",
    "08732.602b69",
    "08731.bb94aa",
    "08730.a51947",
    "08729.73a057",
    "08728.03b5d6",
    "08727.0ca951",
    "08726.87f70e",
    "08725.e53370",
    "08724.d73b32",
    "08723.cfaf9c",
    "08722.582783",
    "08721.279c70",
    "08720.66b35d",
    "08719.5ec012",
    "08718.7aeaa3",
    "08717.773c2e",
    "08716.744e7e",
    "08715.2c0a6f",
    "08714.658e07",
    "08713.9d4049",
    "08712.b5d45c",
    "08711.5d7042",
    "08710.3379e2",
    "08709.b53346",
    "08708.454ff8",
    "08707.ec65fc",
    "08706.412277",
    "08705.a62773",
    "08704.a94b3c",
    "08703.fd0213",
    "08702.2d7535",
    "08701.c37497",
    "08700.a1d185",
    "08699.6ea96c",
    "08698.9c9259",
    "08697.88b587",
    "08696.661ef1",
    "08695.f9f17e",
    "08694.4b3eab",
    "08693.7523a5",
    "08692.729b8f",
    "08691.6fab55",
    "08690.9cdeac",
    "08689.06ac6a",
    "08688.3e3498",
    "08687.401746",
    "08686.ce5bb3",
    "08685.84ef2f",
    "08684.c29e58",
    "08683.c7b4f5",
    "08682.a9bab2",
    "08681.d3b9ed",
    "08680.0e4847",
    "08679.f54f8f",
    "08678.905c51",
    "08677.8d0515",
    "08676.011eda",
    "08675.bed2c4",
    "08674.d740d3",
    "08673.8ebdf9",
    "08672.e54be8",
    "08671.c54141",
    "08670.6fb84a",
    "08669.fcf18f",
    "08668.2a7e98",
    "08667.b1dcc9",
    "08666.566159",
    "08665.0bdc4f",
    "08664.2f1e28",
    "08663.2c530b",
    "08662.82d661",
    "08661.a0251f",
    "08660.98b675",
    "08659.ae0744",
    "08658.c71b2b",
    "08657.92393c",
    "08656.5991ab",
    "08655.f9d0d8",
    "08654.7c9413",
    "08653.ed7deb",
    "08652.721f38",
    "08651.06cf94",
    "08650.0b58d1",
    "08649.d4009f",
    "08648.2a77ed",
    "08647.68d039",
    "08646.0cd326",
    "08645.f1385d",
    "08644.83830e",
    "08643.ad5a2f",
    "08642.afd979",
    "08641.c4c4f8",
    "08640.7cb62d",
    "08639.173107",
    "08638.dc6bef",
    "08637.a69161",
    "08636.00c4f0",
    "08635.796ccb",
    "08634.84d61b",
    "08633.cbda09",
    "08632.164674",
    "08631.6929cd",
    "08630.66c33e",
    "08629.bc77f5",
    "08628.5ab2f0",
    "08627.971eef",
    "08626.7ad8ad",
    "08625.c9372d",
    "08624.25d2b6",
    "08623.ad3957",
    "08622.f6c969",
    "08621.3f0b6b",
    "08620.cea3e2",
    "08619.452fa0",
    "08618.0a2458",
    "08617.5c69c3",
    "08616.5e255c",
    "08615.284dfd",
    "08614.f05659",
    "08613.d0751e",
    "08612.38f175",
    "08611.f9bbdc",
    "08610.b8ba47",
    "08609.dc57c8",
    "08608.d1e58a",
    "08607.2b147e",
    "08606.4ff02a",
    "08605.36f656",
    "08604.03c948",
    "08603.7609ff",
    "08602.31c23d",
    "08601.43a5ca",
    "08600.4a2e4e",
    "08599.b104a9",
    "08598.725063",
    "08597.e732bb",
    "08596.05c742",
    "08595.5ebaa3",
    "08594.218cd2",
    "08593.5fc4d9",
    "08592.3be4db",
    "08591.3d0b9b",
    "08590.baed57",
    "08589.d5dfbe",
    "08588.b6c7e2",
    "08587.881673",
    "08586.2fbe15",
    "08585.1f3112",
    "08584.4c84f1",
    "08583.be7fd7",
    "08582.28ef1c",
    "08581.df3d73",
    "08580.4820aa",
    "08579.829a91",
    "08578.830c4d",
    "08577.f5fc50",
    "08576.630331",
    "08575.998ab5",
    "08574.b2a1ea",
    "08573.65632f",
    "08572.b8a7e0",
    "08571.3c6a85",
    "08570.1b214c",
    "08569.261033",
    "08568.c03cc4",
    "08567.998549",
    "08566.af0ddf",
    "08565.dffdcb",
    "08564.fadc3f",
    "08563.21f67b",
    "08562.d78597",
    "08561.33ae3e",
    "08560.84bad3",
    "08559.5efb81",
    "08558.2a06a2",
    "08557.6abae9",
    "08556.a9e1d7",
    "08555.e50476",
    "08554.bb26bb",
    "08553.832ff1",
    "08552.9b1235",
    "08551.6055af",
    "08550.769ffe",
    "08549.57a206",
    "08548.ec4c55",
    "08547.d69cea",
    "08546.d965d1",
    "08545.46d6ba",
    "08544.c1cfa3",
    "08543.33806f",
    "08542.12fa0e",
    "08541.4b41bb",
    "08540.7dfbca",
    "08539.7de53b",
    "08538.a34e9e",
    "08537.f6bade",
    "08536.84dfb2",
    "08535.116784",
    "08534.5ca3e5",
    "08533.1596d8",
    "08532.88f255",
    "08531.c94e95",
    "08530.12dc5f",
    "08529.3c2dbb",
    "08528.ff597a",
    "08527.079e60",
    "08526.aaeb87",
    "08525.7bcc5e",
    "08524.d4f6d1",
    "08523.be504d",
    "08522.f91e35",
    "08521.dbce51",
    "08520.f5356b",
    "08519.cc6140",
    "08518.023796",
    "08517.25497c",
    "08516.83cec7",
    "08515.badcf4",
    "08514.5a3ffc",
    "08513.014888",
    "08512.6edb1d",
    "08511.a52452",
    "08510.113fc3",
    "08509.c923ec",
    "08508.5e1a80",
    "08507.d58806",
    "08506.5d59e3",
    "08505.908b04",
    "08504.539c53",
    "08503.165d7f",
    "08502.a0862e",
    "08501.d6ade9"
  ],
  "ContainedObjects_path": "EdgeoftheEarth-LosConfinesdelaTierra.a12609",
  "GUID": "a12609",
  "Hands": false,
  "HideWhenFaceDown": false,
  "Memo": "[]",
  "Name": "Bag",
  "Nickname": "Edge of the Earth - Los Confines de la Tierra",
  "Transform": {
    "rotY": 270,
    "scaleX": 1,
    "scaleY": 1,
    "scaleZ": 1
  }
}
