{
  "AltLookAngle": {
    "x": 0,
    "y": 0,
    "z": 0
  },
  "Autoraise": true,
  "Bag": {
    "Order": 0
  },
  "ColorDiffuse": {
    "b": 0.55401,
    "g": 0.18435,
    "r": 0.18984
  },
  "ContainedObjects_order": [
    "05346.d30040",
    "05345.25bad5",
    "05344.8930cb",
    "05343.b81f46",
    "05342.8ac194",
    "05341.7c7902",
    "05340.1f18bf",
    "05339.13dd74",
    "05338.10df4c",
    "05337.e103c4",
    "05336.4be2c7",
    "05335.c2c165",
    "05334.e83140",
    "05333.affb57",
    "05332.266a2b",
    "05331.9342cd",
    "05330.d468fd",
    "05329.feec76",
    "05328.770e3a",
    "05327.6f4641",
    "05326.34493e",
    "05325.f07a9f",
    "05312.dddeb0",
    "05311.f2d268",
    "05310.424437",
    "05309.029fce",
    "05308.31dea1",
    "05307.b1762b",
    "05306.74e1c5",
    "05305.28d5ff",
    "05304.8eafd3",
    "05303.b05e2e",
    "05302.26e1b3",
    "05301.943737",
    "05300.bddac5",
    "05299.9e5d26",
    "05298.08b53f",
    "05297.afe493",
    "05296.adce15",
    "05295.448ca3",
    "05294.89f4ca",
    "05293.192a26",
    "05292.1d6fd4",
    "05291.f83c92",
    "05290.c85dc1",
    "05289.35463c",
    "05288a.72eedb",
    "05287.bd0445",
    "05286a.ed2a27",
    "05285.79075b",
    "05284.267bc1",
    "05272.b7f65d",
    "05271.77f4bf",
    "05270.e54b67",
    "05269.2ee0e1",
    "05268.446246",
    "05267.6d60eb",
    "05266.95ebc9",
    "05265.cc6df9",
    "05264.6892e0",
    "05263.268b62",
    "05262.c31875",
    "05261.84476c",
    "05260.2bbb9c",
    "05259.5c876f",
    "05258.e33a7b",
    "05257.a5c51f",
    "05256.969055",
    "05255.0a3f6c",
    "05254.f65de5",
    "05253.e097ed",
    "05252.d2855b",
    "05251.c1554e",
    "05250.259181",
    "05249.299169",
    "05248.793820",
    "05247.dfc00a",
    "05246.7ba5fa",
    "05245.def4e0",
    "05244.15964a",
    "05243.d587f6",
    "05242.612c3e",
    "05241.86b034",
    "05240.edaef2",
    "05239.5f664f",
    "05238.930dcc",
    "05228.edf9ca",
    "05227.c30578",
    "05226.5c307d",
    "05225.1a9a47",
    "05224.d0a635",
    "05223.1a026e",
    "05222.dfa00c",
    "05221.0d28c9",
    "05220.ad1c8e",
    "05219.cd44cb",
    "05218.27443f",
    "05217.b3073f",
    "05216.adecc6",
    "05215.30dde0",
    "05214.33a341",
    "05213.350404",
    "05212.dfdb04",
    "05211.434b83",
    "05210.b311d5",
    "05209.b26434",
    "05208.29fa9b",
    "05207.e08876",
    "05206.b54910",
    "05205.b2b1fb",
    "05204.07342f",
    "05203.6c130b",
    "05202.f38285",
    "05201.aa1b29",
    "05200.a7d569",
    "05199.4fc833",
    "05198.bb59b8",
    "05197.288249",
    "05185.603872",
    "05184.e23614",
    "05183.ba586d",
    "05182.39fd66",
    "05181.07ac20",
    "05180.c7a961",
    "05179.4c49a1",
    "05178k.141583",
    "05178i.68e84a",
    "05178g.a95e9c",
    "05178e.4a552f",
    "05178c.e596bd",
    "05178a.9414fc",
    "05177.92968b",
    "05176.d0a5b0",
    "05175.65db67",
    "05174.9ca50a",
    "05173.1ff207",
    "05172.67fec6",
    "05171.5874cc",
    "05170.aa3f41",
    "05169.7e962f",
    "05168.4cdbf2",
    "05167.a7ad34",
    "05166.2514ab",
    "05165.fa7eb1",
    "05164.d81b0d",
    "05163.35805b",
    "05162.0903ed",
    "05161.e2682b",
    "05150.4dbff5",
    "05149.7bad72",
    "05148.63f02b",
    "05147.d093cf",
    "05146.3aa5db",
    "05145.9c8655",
    "05144.4bf248",
    "05143.39d52b",
    "05142.f43bc7",
    "05141.cc09ff",
    "05140.ea143e",
    "05139.d5d7ed",
    "05138.beb9e2",
    "05137.f95329",
    "05136.83c9c9",
    "05135.a42aa8",
    "05134.939482",
    "05133.0cfce2",
    "05132.c5ce0c",
    "05131.9ee372",
    "05130.2bd0ee",
    "05129.e8c185",
    "05128.f11409",
    "05127.976d4c",
    "05126.7d4c49",
    "05125.0b9fe4",
    "05124.be91e8",
    "05123.87d466",
    "05122.7be1c9",
    "05121.25c68a",
    "05120.98f932",
    "05108.15eb09",
    "05107.6ed584",
    "05106.e10120",
    "05105.05fdf1",
    "05104.62517b",
    "05103.fc4e66",
    "05102.b49629",
    "05101.3775ca",
    "05100.92e8fb",
    "05099.023ba0",
    "05098.228e17",
    "05097.00f473",
    "05096.a2f8c3",
    "05095.7cebcb",
    "05094.b67e34",
    "05093.c37041",
    "05092.a68555",
    "05091.463b5e",
    "05090.714eee",
    "05089.43d987",
    "05088.ae002f",
    "05087.b45fd0",
    "05086.c0dbad",
    "05085b.8e76a9",
    "05084.24328e",
    "05083.ba90e6",
    "05082.c98131",
    "05081.921cb2",
    "05080.8d559e",
    "05079.3c71af",
    "05078.735dfb",
    "05077.b590b2",
    "05076.2a73ac",
    "05075.331001",
    "05074.ec1898",
    "05073.2f8db2",
    "05072.c3acc3",
    "05071.c6403d",
    "05070.0cacd2",
    "05069.b0e1a0",
    "05068.b95cbe",
    "05067.123b64",
    "05066.842141",
    "05065.eba777",
    "05064.01a5ff",
    "05063.33b1bd",
    "05062.f8dc60",
    "05061.b44265",
    "05060.903cc0",
    "05059.2f6fd6",
    "05058.a48111",
    "05057.c978e6",
    "05056.612089",
    "05055.e9bf02",
    "05054.9cf0cc",
    "05053.ca2d34",
    "05052.4ebe32",
    "05051.f0ca63",
    "05050.afd5bd",
    "05049.2c9c91",
    "05048.6cab8a",
    "05047.75d178",
    "05046.82dc3c",
    "05045.bb57fc",
    "05044.bc3dec",
    "05043.a59501"
  ],
  "ContainedObjects_path": "TheCircleUndone-ElCírculoRoto.c40119",
  "Description": "",
  "DragSelectable": true,
  "GMNotes": "",
  "GUID": "c40119",
  "Grid": true,
  "GridProjection": false,
  "Hands": false,
  "HideWhenFaceDown": false,
  "IgnoreFoW": false,
  "LayoutGroupSortIndex": 0,
  "Locked": false,
  "LuaScript": "",
  "LuaScriptState": "",
  "MaterialIndex": -1,
  "MeasureMovement": false,
  "MeshIndex": -1,
  "Name": "Bag",
  "Nickname": "The Circle Undone - El Círculo Roto",
  "Snap": true,
  "Sticky": true,
  "Tooltip": true,
  "Transform": {
    "posX": -4.355,
    "posY": 1.488,
    "posZ": 1.222,
    "rotX": 0,
    "rotY": 270,
    "rotZ": 0,
    "scaleX": 1,
    "scaleY": 1,
    "scaleZ": 1
  },
  "Value": 0,
  "XmlUI": ""
}
