{
  "ColorDiffuse": {
    "b": 0,
    "g": 0.71429,
    "r": 0.47265
  },
  "ContainedObjects_order": [
    "Bag.2de86c",
    "11766.150cd2",
    "11765.e40658",
    "11764.4b1cf2",
    "11763.b6b8b6",
    "11762.f580c9",
    "11761.7b0ea2",
    "11760a.2197a1",
    "11759a.da085a",
    "11758a.4498df",
    "11757a.520c4b",
    "11756a.8637ec",
    "11755a.f4a65f",
    "11754a.d0b7c9",
    "11753a.90a6d4",
    "11752.c658dd",
    "11751.8efa23",
    "11750.775148",
    "11749.3a2d98",
    "11748.443bf7",
    "11747.4d1dbc",
    "11746.077009",
    "11745.bb7879",
    "11744.831f73",
    "11743.35c740",
    "11742.c057ea",
    "11741.b45411",
    "11740.86f295",
    "11739.ded46d",
    "11738.e4b0df",
    "11737.cc4b1c",
    "11736.373c1a",
    "11735.8584b9",
    "11734.2bfe7b",
    "11733.5e0883",
    "11732.71f54b",
    "11731.9dd7d8",
    "11730.3e0ef0",
    "11729.60def0",
    "11728.cccd30",
    "11727.4694c9",
    "11726.073c1c",
    "11725.7d6ed9",
    "11724.4ab9fa",
    "11723.6c4001",
    "11722.ded180",
    "11721.d72217",
    "11720.c24f55",
    "11719.5ead28",
    "11717.1e8cc5",
    "11716.a15d9d",
    "11715.45d9cd",
    "11714.43a18e",
    "11713.ad52ba",
    "11712.81a49a",
    "11711.31c417",
    "11710.14cec8",
    "11709.b22b87",
    "11708.dffbb6",
    "11707.792098",
    "11706.c0db96",
    "11705.909b01",
    "11704.5f2054",
    "11703.021140",
    "11702.1e8f46",
    "11701.3e664c",
    "11700.662686",
    "11699.7bdd86",
    "11698.39ab9a",
    "11697.e79500",
    "11696.4aabe3",
    "11695.1a49d4",
    "11694.b64e75",
    "11693.a785e3",
    "11692.f310ab",
    "11691b.7d0419",
    "11691a.268a6c",
    "11690.35a068",
    "11689.d28e64",
    "11688a.2034e4",
    "11688.2880a1",
    "11687.643a48",
    "11686.de6ccf",
    "11685.8f80c1",
    "11684.8d1cc8",
    "11683.2b75c3",
    "11682.c8b0e9",
    "11681.727850",
    "11680.d4c8b8",
    "11679.dc076c",
    "11678.df8949",
    "11677.f7cf44",
    "11676.789816",
    "11675.5f5312",
    "11674.53273c",
    "11673.742d17",
    "11672a.fae099",
    "11671.f6a8db",
    "11670.b22f66",
    "11669.a66fa7",
    "11667.b6bb9e",
    "11666.b22de7",
    "11665.4ef28c",
    "11664.f1259b",
    "11663.aeb1c0",
    "11662.89c62f",
    "11661.5c7a80",
    "11660.813ce5",
    "11659.ddfe1c",
    "11658.f59f99",
    "11657.a6bdcb",
    "11656.711bdb",
    "11655.963491",
    "11654.c075ec",
    "11653.fffeda",
    "11652.0e2b05",
    "11651.179a6c",
    "11650.3bf7fa",
    "11649.d58590",
    "11648.19f324",
    "11647.084b0d",
    "11646.608d10",
    "11645.29f238",
    "11644.4627d6",
    "11643.7f7991",
    "11642.514368",
    "11641.d39f3f",
    "11640.fa5bee",
    "11639.be275b",
    "11638.e66257",
    "11637.c5f695",
    "11636.a3e951",
    "11635.14dc1f",
    "11634.e2a1aa",
    "11633.0d12c7",
    "11632.8d62ea",
    "11631.3ca384",
    "11630.a0cc41",
    "11629.218fd1",
    "11628.89d743",
    "11627.6f4732",
    "11626.ee3d3f",
    "11625.2a8e14",
    "11624.b0cacd",
    "11623.3c6cf2",
    "11622.85e115",
    "11621.768bbc",
    "11620.ef3345",
    "11619.5d26b7",
    "11618.febb62",
    "11617.2d0dbe",
    "11616.1d26bd",
    "11615.cb9403",
    "11614.eed71b",
    "11613.870323",
    "11612.f49bd5",
    "11611.584d03",
    "11610.05ec92",
    "11609.ebbbeb",
    "11608.11ae79",
    "11607.96fca6",
    "11606.9dcbb9",
    "11605.cffd49",
    "11604.7a05b0",
    "11603.acd1f1",
    "11602.86cdc3",
    "11601.6cc3d9",
    "11600.0f8512",
    "11599.54e00c",
    "11598.661874",
    "11596.557541",
    "11595.ebfeb9",
    "11594.c3d12a",
    "11593.636db9",
    "11592.055140",
    "11591.a1ef92",
    "11590.6ffcaa",
    "11589.588ed4",
    "11588.9536a6",
    "11587.7850e5",
    "11583.fa76d3",
    "11582.31bb4c",
    "11581.96bca6",
    "11580.bc3eee",
    "11579.b7dcdc",
    "11578.30ef15",
    "11577.734a20",
    "11576.cfd3bb",
    "11575.faad9f",
    "11574.25555e",
    "11573.e4823d",
    "11572.e0b854",
    "11571.9417a7",
    "11570.b25034",
    "11569.428554",
    "11568.3c4b54",
    "11567.3e055e",
    "11566.4d55f6",
    "11565.4dabc7",
    "11564.a37c10",
    "11563.b3ab14",
    "11562.af0882",
    "11561.95bb86",
    "11560.df5c75",
    "11559.138ac9",
    "11558.24660d",
    "11557.d69bb8",
    "11556.c843e2",
    "11555.13b1af",
    "11554.490995",
    "11553.8f6e9b",
    "11552.bed0f2",
    "11551.761ca2",
    "11550.6b6ee0",
    "11549.b9a35e",
    "11548.967355",
    "11547.6069fc",
    "11546.96888d",
    "11545.c399e2",
    "11544.7227cf",
    "11543.950068",
    "11542.097272",
    "11541.6a4e34",
    "11540.3db452",
    "11539.706335",
    "11538.ca2230",
    "11537.d61a0e",
    "11536.89e249",
    "11535.369a88",
    "11534.5e7c77",
    "11533.4456d6",
    "11532.d7e798",
    "11531.c9bd6c",
    "11530.d2ce48",
    "11529.7a7a15",
    "11528.1bd7d1",
    "11527.662db0",
    "11526.743124",
    "11525.10065f",
    "11524.127f99",
    "11523.da5bb3",
    "11522.9e0ee4",
    "11521.e0b938",
    "11520.00c3bc",
    "11519.07e08a",
    "11518.dec167",
    "11517.827500",
    "11516.ff1f09",
    "11515.e74c7c",
    "11514.cd10d8",
    "11513.bb2a9a",
    "11512.eb22ff",
    "11511.584707",
    "11510.433eee",
    "11509.30afb6",
    "11508.9a82c3",
    "11507.8520f0",
    "11506.050a2f",
    "11505.3ddddc",
    "11504.22dc0b",
    "11503.67c923",
    "11502.ad3768",
    "11501.92b097"
  ],
  "ContainedObjects_path": "TheDrownedCity-LaCiudadSumergida.980ff0",
  "GUID": "980ff0",
  "Hands": false,
  "HideWhenFaceDown": false,
  "Memo": "[]",
  "Name": "Bag",
  "Nickname": "The Drowned City - La Ciudad Sumergida",
  "Transform": {
    "rotY": 270,
    "scaleX": 1,
    "scaleY": 1,
    "scaleZ": 1
  }
}
