{
  "ColorDiffuse": {
    "b": 0.52265,
    "g": 0.12474,
    "r": 0.26279
  },
  "ContainedObjects_order": [
    "06354.476ed5",
    "06353.0c4c4f",
    "06352.169a59",
    "06351.64405f",
    "06350.b5375d",
    "06349.02d848",
    "06348.93da16",
    "06347.7787f9",
    "06346.2782f8",
    "06345.4bc2e8",
    "06344.2fe094",
    "06343.98c7bb",
    "06342.01997d",
    "06341.7b541b",
    "06340.bece65",
    "06339.bfe004",
    "06338.84f991",
    "06337.b056a8",
    "06336.a1869f",
    "06335.fc451f",
    "06334.fc8289",
    "06333.54e25e",
    "06322.1a48a1",
    "06321.972d14",
    "06320.7a0b14",
    "06319.d376b1",
    "06318.cf29b9",
    "06317.69e4b7",
    "06316.e0bd46",
    "06315.456832",
    "06314.930908",
    "06313.9ac952",
    "06312.fda4ef",
    "06311.96ee4c",
    "06310.c6fcc9",
    "06309.c56c7c",
    "06308.0b0f9a",
    "06307.250709",
    "06306.6f96ee",
    "06305.acf9ab",
    "06304.3ea53a",
    "06303.679936",
    "06302.cdd72e",
    "06301.8ec2d5",
    "06300.eebab8",
    "06299.b81e40",
    "06298.7bd85a",
    "06297.7b3e35",
    "06296.df5817",
    "06295.eaa1a3",
    "06294.767501",
    "06293.a210e9",
    "06292.c75c63",
    "06291.d7b205",
    "06290.31067e",
    "06289.8041ff",
    "06288.5ebb1c",
    "06287.f8a1d3",
    "06286.a6ef80",
    "06275.73021c",
    "06274.1123d6",
    "06273.ccc44a",
    "06272.c29686",
    "06271.536f6c",
    "06270.a1939a",
    "06269.a88bc6",
    "06268.912146",
    "06267.e68eed",
    "06266.ca0e54",
    "06265.1eac50",
    "06264.7fa5fb",
    "06263.9f912f",
    "06262.6278d9",
    "06261.5f176e",
    "06260.b084c4",
    "06259.58785f",
    "06258.75107a",
    "06257.e16443",
    "06256.e4ef68",
    "06255.857b19",
    "06254.88c4a3",
    "06253.0ff9fd",
    "06252.dd6663",
    "06251.a024ed",
    "06250.244861",
    "06249.421152",
    "06248.5fb944",
    "06247.bd4512",
    "06233.7338b7",
    "06232.649d35",
    "06231.ea0c09",
    "06230.a9568e",
    "06229.962712",
    "06228.87c6c6",
    "06227.2f9bf9",
    "06226.e0bb08",
    "06225.1b8a25",
    "06224.e74b05",
    "06223.a28e03",
    "06222.ded29d",
    "06221.5d01bb",
    "06220.df99d5",
    "06219.ef8ed9",
    "06218.f814c3",
    "06217.d2c850",
    "06216.8e9768",
    "06215.c8a059",
    "06214.0cedce",
    "06213.27c44a",
    "06212.018f4c",
    "06211.4edeaf",
    "06210.674c77",
    "06209.f77783",
    "06208.8a89d2",
    "06207.33a150",
    "06206.917a80",
    "06194.0a10ae",
    "06193.633d08",
    "06192.896a6b",
    "06191.86d169",
    "06190.6ed8c3",
    "06189.215878",
    "06188.263a6a",
    "06187.d1fbc8",
    "06186.6ab5de",
    "06185.6d944f",
    "06184.06ece4",
    "06183.d38e4b",
    "06182.8fec7f",
    "06181.7b3761",
    "06180.35428b",
    "06179.9de120",
    "06178.1c470b",
    "06177.0de2c8",
    "06176.d7337d",
    "06175.3d70a5",
    "06174.7a8c23",
    "06173.c02fde",
    "06172.030562",
    "06171.910abb",
    "06170.b2748d",
    "06169a.9d62f3",
    "06168.c674fb",
    "06154.669699",
    "06153.0adeef",
    "06152.74c5cf",
    "06151.e53bf7",
    "06150.a27a95",
    "06149.91e34b",
    "06148.5d8fa7",
    "06147.c15dd3",
    "06146.bd1bcf",
    "06145.ef852a",
    "06144.2c7b1c",
    "06143.8e898c",
    "06142.e0cf0b",
    "06141.1fdefe",
    "06140.f1e85a",
    "06139.f8a639",
    "06138.08dfe9",
    "06137.5a665e",
    "06136.20c97d",
    "06135.82624b",
    "06134.e897aa",
    "06133.bba8db",
    "06132.e3021c",
    "06131.901798",
    "06130.e663ca",
    "06129.e8a391",
    "06128.3eba61",
    "06127.2992c1",
    "06126.7989ac",
    "06125.a443f7",
    "06124.36c61e",
    "06123.0c7a3c",
    "06122.c0d0b0",
    "06121.01592e",
    "06120.bd6983",
    "06119.1c463b",
    "06109.0dabd3",
    "06108.51be63",
    "06107.cf37ff",
    "06106.0404c9",
    "06105.82505a",
    "06104.9dd54f",
    "06103.dbbcce",
    "06102.f0c949",
    "06101.289b75",
    "06100.cd5287",
    "06099.c53d6a",
    "06098.6d8465",
    "06097.d2ea50",
    "06096.1cf1f6",
    "06095.a77a57",
    "06094.4f0c17",
    "06093.8b58e7",
    "06092.5f7bdb",
    "06091.136f29",
    "06090.3a1d94",
    "06089.248b02",
    "06088.5d1901",
    "06087.cc07f7",
    "06086.6fc981",
    "06085.87dbdd",
    "06084.c04b63",
    "06083.91fc5f",
    "06082.55f3b4",
    "06081.becef4",
    "06080.e06cf9",
    "06079.bb8f45",
    "06078.44b294",
    "06077.db08a1",
    "06076.e58407",
    "06075.34bf16",
    "06074.03728d",
    "06073.d8f685",
    "06072.96edd8",
    "06071.09d37b",
    "06070.d176b3",
    "06069.7762af",
    "06068.9ff31a",
    "06067.1001f0",
    "06066.9aa851",
    "06065.c13309",
    "06064.176013",
    "06063.a55d0f",
    "06062.0dc4ac",
    "06061.7bd9a4",
    "06060.3fe631",
    "06059.d22147",
    "06058.a68681",
    "06057.ba91d1",
    "06056.0460fc",
    "06055.13be37",
    "06054.5df98a",
    "06053.093444",
    "06052.eb1119",
    "06051.a47782",
    "06050.7ebe42",
    "06049.38f8fa",
    "06048.9a29f7",
    "06047.aa500f",
    "06046.00a109",
    "06045.3b193e",
    "06044.ae0e9f",
    "06043.2f7571",
    "06042.5e7e40",
    "06041.c2f9ec",
    "06040.6a1b7d",
    "06039.ae9ddb"
  ],
  "ContainedObjects_path": "TheDream-Eaters-LosDevoradoresdeSueños.68c5ff",
  "GUID": "68c5ff",
  "Hands": false,
  "HideWhenFaceDown": false,
  "Memo": "[]",
  "Name": "Bag",
  "Nickname": "The Dream-Eaters - Los Devoradores de Sueños",
  "Transform": {
    "rotY": 270,
    "scaleX": 1,
    "scaleY": 1,
    "scaleZ": 1
  }
}
