{
  "ColorDiffuse": {
    "b": 0,
    "g": 0,
    "r": 0.70196
  },
  "ContainedObjects_order": [
    "04347.306497",
    "04346.776cd7",
    "04345.2e015e",
    "04344.45c383",
    "04343.ac1b1a",
    "04342.eb5bd3",
    "04341.cf9a9c",
    "04340.329ff1",
    "04339.fcb795",
    "04338.6ed044",
    "04337.643d38",
    "04336.877eea",
    "04335.68176d",
    "04334.2abbeb",
    "04333.aad379",
    "04332.4374fb",
    "04331.162dbc",
    "04330.8d7e2c",
    "04329.ae37c8",
    "04328.f1365d",
    "04327.4d6fcd",
    "04326b.3f0f7b",
    "04325b.69416b",
    "04324.86a4f6",
    "04323.90d651",
    "04322.cc1a3e",
    "04321.11d741",
    "04320.624bb7",
    "04319.449935",
    "04318.f77bfc",
    "04317.1eda1a",
    "04316.9c188d",
    "04315.23d6bf",
    "04314.8db4bd",
    "04303.2b4782",
    "04302.b5aa7f",
    "04301.2dc52b",
    "04300.e46231",
    "04299.d89783",
    "04298.7ea5a9",
    "04297.79c422",
    "04296.a6822e",
    "04295.88b07b",
    "04294.9dd195",
    "04293.428460",
    "04292.c6a22b",
    "04291.dfe98f",
    "04290.491f79",
    "04289.56daf8",
    "04288.6229d4",
    "04287.59d7aa",
    "04286.c69b8d",
    "04285.cfa0dc",
    "04284.880dd1",
    "04283.bc7cd2",
    "04282.9415ed",
    "04281.3d6bfb",
    "04280.93db8c",
    "04279.f4f2f1",
    "04278.2c081d",
    "04277.1bde35",
    "04264.5e633a",
    "04263.396d37",
    "04262.969504",
    "04261.113532",
    "04260.294925",
    "04259.89d33c",
    "04258.d9ed3c",
    "04257.bf3186",
    "04256.e67da9",
    "04255.113aa1",
    "04254.a28605",
    "04253.31f281",
    "04252.329c39",
    "04251.456f33",
    "04250.d3f018",
    "04249.ea2d0c",
    "04248.caea86",
    "04247.dda148",
    "04246.d1c895",
    "04245.11e936",
    "04244.c4cd34",
    "04243.e7ab86",
    "04242.50631c",
    "04241.ad6eec",
    "04240.397e17",
    "04239.4e7210",
    "04238.dda5a4",
    "04237.24cd24",
    "04228.d62003",
    "04227.389474",
    "04226.add763",
    "04225.f7c660",
    "04224.264b0a",
    "04223.5da61d",
    "04222.f9530b",
    "04221.7bf4e7",
    "04220.313bc0",
    "04219.be38a8",
    "04218.d6ef76",
    "04217.2a1228",
    "04216.4a9c71",
    "04215.02f4bf",
    "04214.18c340",
    "04213.ddb22a",
    "04212.46ca66",
    "04211.c0d8df",
    "04210.5d2c5e",
    "04209.62ad93",
    "04208.421c64",
    "04207.9283ce",
    "04206.dd749c",
    "04205.bbbdeb",
    "04191.f968e7",
    "04190.acdc5f",
    "04189.a6891c",
    "04188.2c0f4a",
    "04187.c648ab",
    "04186.6c8ec6",
    "04185.c99a49",
    "04184.cd3ba7",
    "04183.ffeecd",
    "04182.aa280e",
    "04181.a80637",
    "04180.44f2e9",
    "04179.d79293",
    "04178.97fc43",
    "04177.fc61df",
    "04176.e6f2ec",
    "04175.495859",
    "04174.19a328",
    "04173.242f85",
    "04172.29c536",
    "04171.6bd844",
    "04170.acc8d2",
    "04169.0398e4",
    "04168.6b362d",
    "04167.4e4c87",
    "04166.e044c8",
    "04165.4ebd8e",
    "04164.4a0bfe",
    "04163.6b395d",
    "04162.1a73fa",
    "04161.cebe9f",
    "04148.036e3e",
    "04147.086a24",
    "04146.d84eba",
    "04145.876018",
    "04144.a7a4c0",
    "04143.03eafa",
    "04142.3fc24f",
    "04141.4d3d24",
    "04140.e3d461",
    "04139.51e3fb",
    "04138.4b312e",
    "04137a.3edad7",
    "04136.5bfdb4",
    "04135.3a93d9",
    "04134a.ed6fed",
    "04133a.9fae0b",
    "04132.b17ff6",
    "04131.33805f",
    "04130a.17c43e",
    "04129.5683f9",
    "04128a.70e263",
    "04127.aedb2d",
    "04126a.47fb7f",
    "04125a.1ee941",
    "04124.84289c",
    "04123.a26e98",
    "04122.0ef7ce",
    "04121.0b2e6c",
    "04120.b5059b",
    "04119.bbdcdc",
    "04118a.59a818",
    "04117a.f1c8d3",
    "04116.677ef8",
    "04115.a305ac",
    "04114.330dd3",
    "04113.702701",
    "04102.7c4b28",
    "04101.4cb824",
    "04100.2751f2",
    "04099.67e65c",
    "04098.f9e55a",
    "04097.3f2714",
    "04096.295360",
    "04095.98abbc",
    "04094.1c0866",
    "04093.9700a0",
    "04092.9d7a1a",
    "04091.8d64bd",
    "04090.9881dc",
    "04089.78e913",
    "04088.24703c",
    "04087.c20c58",
    "04086.aaaf23",
    "04085.66e9ee",
    "04084.ea273d",
    "04083.995fa7",
    "04082.41aec8",
    "04081.be5883",
    "04080.854a4b",
    "04079.09b0f8",
    "04078.fb1646",
    "04077.42605f",
    "04076.446772",
    "04075.3aaed9",
    "04074.e5dc28",
    "04073.2868a3",
    "04072.da68be",
    "04071.ba18ef",
    "04070.db43e2",
    "04069.c97988",
    "04068.1ad4ac",
    "04067.89a4c8",
    "04066.a25359",
    "04065.826c9e",
    "04064.5bb1d4",
    "04063.72a341",
    "04062.97adb6",
    "04061.2b5c47",
    "04060.b81cd9",
    "04059.9c2232",
    "04058.c24d64",
    "04057.e15e94",
    "04056.8a0ba3",
    "04055.d3d376",
    "04054.1e9811",
    "04053.399719",
    "04052.54b0d9",
    "04051.a843b5",
    "04050.1d6f22",
    "04049.b9ce1f",
    "04048.b6d923",
    "04047.e0aa1d",
    "04046.f3d4a1",
    "04045.d956a0",
    "04044.cf7bf4",
    "04043.cfcc2c"
  ],
  "ContainedObjects_path": "TheForgottenAge-LaEraOlvidada.814e49",
  "GUID": "814e49",
  "Hands": false,
  "HideWhenFaceDown": false,
  "Name": "Bag",
  "Nickname": "The Forgotten Age - La Era Olvidada",
  "Transform": {
    "rotY": 270,
    "scaleX": 1,
    "scaleY": 1,
    "scaleZ": 1
  }
}
