{
  "AltLookAngle": {
    "x": 0,
    "y": 0,
    "z": 0
  },
  "Autoraise": true,
  "Bag": {
    "Order": 0
  },
  "ColorDiffuse": {
    "b": 0,
    "g": 0.55762,
    "r": 1
  },
  "ContainedObjects_order": [
    "10516.3a8934",
    "10530.2ace75",
    "10524.232eb5",
    "10528.3ad9bf",
    "10526.a643da",
    "10525.9df5ef",
    "10531.9d80d2",
    "10529.4f0700",
    "10523.ce6299",
    "10509.d29d89",
    "105131636.288971",
    "105121536.55ed2c",
    "10510b.7e7543",
    "105141936.9faf22",
    "105121436.763efe",
    "10515.d70b96",
    "10511b.624e93",
    "10510a.6d69d6",
    "105131736.e0ab54",
    "105141836.1ce911",
    "10511a.00b659",
    "10518.27b885",
    "10522.ff989b",
    "10519.7cc0ef",
    "10508.7ce722",
    "10501.e5b0ca",
    "10502.e7012d",
    "10505.303304",
    "10506.0ca44d",
    "10503.17cd49",
    "10504.51f235",
    "10507.3c1aaf",
    "10520.5b1e3e",
    "10521.f0d3eb",
    "10517.9e1065",
    "10527.2241d4",
    "10548.7172a1",
    "10533.715a01",
    "10532.bc7049",
    "10537.53eb6a",
    "10539.51eb18",
    "10536.b162f1",
    "10538.e7fa21",
    "10535.b35ca2",
    "10534.d2e29b",
    "10551.5ecc45",
    "10550.a09aff",
    "10554.7bedb1",
    "10553.d5824e",
    "10552.816f80",
    "10557.b065dc",
    "10555.7121a4",
    "10556.e16bb0",
    "10559.053398",
    "10558.ccc135",
    "10549.382254",
    "10543.1cd392",
    "10542.085bf0",
    "10540.1daf6c",
    "10541.4e651a",
    "10546.7aad2a",
    "10547.315d8d",
    "10545.d91621",
    "10544.41be7e",
    "10584a.aa9eee",
    "10569.40749e",
    "10562.356a03",
    "10567.b2a549",
    "10568.f76582",
    "10566.ab559d",
    "10560.d5bba0",
    "10565.e36fa6",
    "10564.1eb2f2",
    "10561.31928f",
    "10563.b93e45",
    "10571.b737da",
    "10570.05c8f3",
    "10574.b177b2",
    "10573.9febab",
    "10572.953bd9",
    "10577.93c5b4",
    "10576.ee7c70",
    "10579.efe400",
    "10578.33512a",
    "10575.4b0314",
    "10588.5e3976",
    "10589.983077",
    "10590.323d04",
    "10586.2b368f",
    "10581.bfd1c6",
    "10580.9c2a39",
    "10583a.063eb7",
    "10582.0929e2",
    "10587.daa57d",
    "10585.39b1d7",
    "10592.f8ac00",
    "10591.2bb8c5",
    "10593a.28ed78",
    "10597a.d6e32d",
    "10599a.bc1aa8",
    "10594a.64d3ed",
    "10595a.013f46",
    "10598a.84a141",
    "10596a.43f178",
    "10608.30d8e0",
    "10606.406738",
    "10607a.079d04",
    "10609.0c0322",
    "10600.e5e736",
    "10601.e3a24d",
    "10605.4230be",
    "10602.df402c",
    "10603.265fa4",
    "10604.74d9da",
    "10617.f851fe",
    "10612.59f459",
    "10611a.245996",
    "10610a.72f79a",
    "10619.c15221",
    "10615.96a4cb",
    "10613.44f772",
    "10614.711737",
    "10616.b5cdbc",
    "10618.eab464",
    "10634.ab3f0c",
    "10628.d81dd9",
    "10627.45d0e3",
    "10629.3c0a1d",
    "10626.c662bf",
    "10621.c3a23d",
    "10620.145c93",
    "10623.7becf4",
    "10625.b41f12",
    "10622.9c59b8",
    "10624.5582ea",
    "10636.f40c19",
    "10639.be6ab1",
    "10638.14f37e",
    "10630.e16881",
    "10637.550578",
    "10631.d379ef",
    "10633.86d735",
    "10632.203b0b",
    "10635.f7affa",
    "10644c.da4782",
    "10643.6ca76f",
    "10649.3dee64",
    "10642.fda367",
    "10640.7de52c",
    "10646.f6a8b6",
    "10645c.3f0eae",
    "10644b.933fe7",
    "10645b.70d143",
    "10648.beefa6",
    "10645a.b6d4ee",
    "10641.a38cb2",
    "10647a.97c7c6",
    "10644a.09f064",
    "10647c.009f64",
    "10647b.9a33d9",
    "10650.66d329",
    "10659.612e01",
    "10651.796961",
    "10653.414b6c",
    "10652.47a2c4",
    "10656.98677d",
    "10655.382a7f",
    "10654.2cdfcd",
    "10658.6e6df2",
    "10657.c67956",
    "10676.457fbc",
    "10706a.e9c10e",
    "10707a.23834d",
    "10704.1e85ae",
    "10702.feaa58",
    "10705a.0b0c2a",
    "10703.cf2598",
    "10700.5808fc",
    "10701.03fee7",
    "10709a.99059f",
    "10708a.a43c64",
    "10670.1f0862",
    "10661.744958",
    "10660.7f8f9e",
    "10663a.6c61d0",
    "10662a.c53822",
    "10664a.29f539",
    "10665a.8fc0d2",
    "10668.83647a",
    "10669.b8c7c0",
    "10667.478ebf",
    "10666.3d5824",
    "10674.b2c90c",
    "10672.ba9b63",
    "10673.127b08",
    "10671.ba3e24",
    "10679.c07033",
    "10677.47a018",
    "10678.e851c6",
    "10675.7c1442",
    "10688.a40e75",
    "10689.885f09",
    "10686.1130a3",
    "10680.b2d2ea",
    "10687.54aa30",
    "10683.b0df40",
    "10685.32a8d8",
    "10681.eeff45",
    "10682.5c777d",
    "10684.dfad6b",
    "10692.28eeb8",
    "10690a.bbaa26",
    "10691a.84072d",
    "10696.f4b3c8",
    "10698.e8f4da",
    "10694.6d20f8",
    "10697.e50de4",
    "10699.7bb54e",
    "10695.dd2f25",
    "10693.c03f99",
    "10727.c41bea",
    "10739.a420d4",
    "10735.8ae949",
    "10734.a65781",
    "10710a.0f4508",
    "10716.24b119",
    "10720.6f735a",
    "10717.f827e7",
    "10719.12a7ef",
    "10718.800e7d",
    "10711a.cf5cbe",
    "10721.d8aac9",
    "10722.368a24",
    "10712a.834a34",
    "10723.c1e3d7",
    "10724.947cf0",
    "10725.bc49df",
    "10729.4d5969",
    "10728.ddb408",
    "10726.e0f643",
    "10737.9368db",
    "10738.facdc6",
    "10736.0bc02d",
    "10731.9b34bb",
    "10730.dabcb2",
    "10732.15415a",
    "10733.9c90a2",
    "10740.5bd327",
    "10741.518f63",
    "10742.938e39",
    "10743.ac5e6c",
    "10713.52967c",
    "10714.eb7c5d",
    "10715.3795e5"
  ],
  "ContainedObjects_path": "TheFeastofHemlockVale-LaFiestadelValledelaCicuta.3b4479",
  "Description": "",
  "DragSelectable": true,
  "GMNotes": "",
  "GUID": "3b4479",
  "Grid": true,
  "GridProjection": false,
  "Hands": false,
  "HideWhenFaceDown": false,
  "IgnoreFoW": false,
  "LayoutGroupSortIndex": 0,
  "Locked": false,
  "LuaScript": "",
  "LuaScriptState": "",
  "MaterialIndex": -1,
  "MeasureMovement": false,
  "MeshIndex": -1,
  "Name": "Bag",
  "Nickname": "The Feast of Hemlock Vale - La Fiesta del Valle de la Cicuta",
  "Snap": true,
  "Sticky": true,
  "Tooltip": true,
  "Transform": {
    "posX": -4.355,
    "posY": 1.467,
    "posZ": -12.134,
    "rotX": 0,
    "rotY": 270,
    "rotZ": 0,
    "scaleX": 1,
    "scaleY": 1,
    "scaleZ": 1
  },
  "Value": 0,
  "XmlUI": ""
}
