{
  "ColorDiffuse": {
    "b": 0,
    "g": 0.22305,
    "r": 1
  },
  "ContainedObjects_order": [
    "07041.b88699",
    "07052.daeed9",
    "07047.d94825",
    "07051.7e4871",
    "07053.7b3a12",
    "07050.3a5815",
    "07044.d50a10",
    "07043.235805",
    "07042.b897cc",
    "07090.98c4e0",
    "07046.305c71",
    "07045.5e2b28",
    "07049.feca5d",
    "07103.f3536f",
    "07048.666bcc",
    "07088.b9bac1",
    "07089.374c89",
    "07091.cddacf",
    "07092.d97581",
    "07104.2eb135",
    "07096.6a6a9f",
    "07098.930609",
    "07093.16a97b",
    "07054.4151fb",
    "07097.1825a5",
    "07055.30e763",
    "07094.f8a397",
    "07056.eabe09",
    "07082.e2a176",
    "07061.d6d683",
    "07065.c93cb0",
    "07064.c3ff3d",
    "07066.a693d7",
    "07060.9d2739",
    "07067.9873da",
    "07063.8bdddc",
    "07062a.4f8db1",
    "07068.3d528f",
    "07069.27048b",
    "07059.1b297a",
    "07057.2d62ed",
    "07058.b58939",
    "07071.405c54",
    "07075.2618cd",
    "07072.1e6fd0",
    "07073.101356",
    "07074.17198e",
    "07070.8db4d2",
    "07077.660a62",
    "07080.1416f1",
    "07081.1bbb6a",
    "07076.4a9443",
    "07079.9aebd0",
    "07078.c6ad02",
    "07084.3b2d81",
    "07106.577a63",
    "07107.2865ba",
    "07105.7804d5",
    "07095.32d6ec",
    "07085.a1b1d3",
    "07101.3446fb",
    "07100.ecf8a7",
    "07087.a50e30",
    "07099.07742c",
    "07086.ffca38",
    "07083.0ef904",
    "07102.eb99df",
    "07123.3b5ad4",
    "07133.f6bbef",
    "07151.f487f9",
    "07134.f0b2b5",
    "07140.e79bff",
    "07144.dd9e7c",
    "07137.d65269",
    "07135.b40b2b",
    "07147.c6d5a4",
    "07142.9e0a30",
    "07138.946fa1",
    "07150.7a4dff",
    "07139.706a26",
    "07127.37c509",
    "07126.5885fd",
    "07125.ff1915",
    "07124.1894c7",
    "07143.50a645",
    "07141.3cd01a",
    "07128.2bd13f",
    "07131.26b1fb",
    "07129.23ed07",
    "07136.155e11",
    "07132.11511c",
    "07130.0faf5f",
    "07149.f01d4b",
    "07146.2109f9",
    "07148.c69541",
    "07145.486f8a",
    "07168.7ee32e",
    "07164.3a9dc4",
    "07165.168cf7",
    "07166.06d48f",
    "07169.e11c23",
    "07167.3a59f6",
    "07163.0e2c07",
    "07174b.b0ddb1",
    "07174a.33003f",
    "07178.f6b08a",
    "07181.69f238",
    "07171.4ade22",
    "07172.166208",
    "07170.051d30",
    "07173.7da465",
    "07179.3e92d0",
    "07180.193391",
    "07187.5c73a3",
    "07186.ca3c5e",
    "07183.3ecc9e",
    "07182.091075",
    "07184.33edd1",
    "07185.85f2fc",
    "07188.8e1b84",
    "07198.2fb86c",
    "07202.82d00e",
    "07203.743053",
    "07199.896139",
    "07200.88a33d",
    "07201.b2a800",
    "07204a.fa20df",
    "07204b.36ace8",
    "07204c.85d4f5",
    "07205a.ac93fd",
    "07205b.924b99",
    "07206a.69cfeb",
    "07206b.e9de6e",
    "07207b.fc7704",
    "07207a.578db1",
    "07208b.63bdd5",
    "07208c.210db5",
    "07208a.81370c",
    "07209b.d7de29",
    "07209a.6745da",
    "07177b.5d7cc5",
    "07177a.35e7d0",
    "07175b.d37b6b",
    "07175a.4310c3",
    "07176a.718b8d",
    "07176b.d81f6b",
    "07210.cb9138",
    "07212a.df8394",
    "07211a.864616",
    "07218.d8c91a",
    "07219.6ca797",
    "07214.c0e7dd",
    "07217.e6c8f3",
    "07213.f8f8d0",
    "07215.60d649",
    "07216.f1e15a",
    "07252.d0ef58",
    "07231.b64bd8",
    "07253.948352",
    "07232.e7b04e",
    "07233.32890a",
    "07234.82d42a",
    "07235.e28463",
    "07242.6a9a3d",
    "07243.571fb8",
    "07240.3aa0a2",
    "07236.1db5d0",
    "07237.849afa",
    "07238.7c9c26",
    "07251.83c3b9",
    "07250.ee594f",
    "07249.0aaa6b",
    "07248.b06b33",
    "07247.8e3213",
    "07239.194a88",
    "07241.12d2ca",
    "07256.b0723f",
    "07254.1ebcff",
    "07255.115464",
    "07257.de74bf",
    "07259.6f6991",
    "072600.3b2d98",
    "07258.644336",
    "07244.23947e",
    "07246.5a6d20",
    "07245.39ccb5",
    "07274.db3c6e",
    "07275.a4d54d",
    "07276.e2c087",
    "07277.03a6ec",
    "07278.2f0fe7",
    "07279.edd287",
    "07283.a9b03b",
    "07280.24556f",
    "07281.d5eb39",
    "07282.4306d6",
    "07285.8be2b8",
    "07287.34447d",
    "07288.e7f39f",
    "07286.3628b9",
    "07289.5a23f9",
    "07284.4d2641",
    "07290.c61239",
    "07293.92f9f7",
    "07294.3edcbc",
    "07295.ae3743",
    "07296.1f2f88",
    "07297.a0ea86",
    "07298.5918a0",
    "07299.f954e3",
    "07320.405eeb",
    "07311.fbaf62",
    "07329.0d0d7f",
    "07328.2d4e9b",
    "07318.7b9284",
    "07317.0aa338",
    "07332.3364df",
    "07330a.beab27",
    "07331a.7d185e",
    "07312.c8414d",
    "07313.1150c8",
    "07314.c5d085",
    "07315.626319",
    "07316.3a25d3",
    "07319.793ee8",
    "07324.630e97",
    "07325.5820a0",
    "07326.76cdc0",
    "07327.f13ebf",
    "07322.5f7949",
    "07321.a6ec08",
    "07323.a74d78",
    "07338.a0d49f",
    "07333.d47a23",
    "07335.eac8e9",
    "07337.21c254",
    "07334.e6e7f5",
    "07336.510f2b",
    "07292b.ecead6",
    "07291.985f46",
    "07300b.10190c"
  ],
  "ContainedObjects_path": "TheInnsmouthConspiracy-LaConspiracióndeInnsmouth.33f7c5",
  "GUID": "33f7c5",
  "Hands": false,
  "HideWhenFaceDown": false,
  "Name": "Bag",
  "Nickname": "The Innsmouth Conspiracy - La Conspiración de Innsmouth",
  "Transform": {
    "rotY": 270,
    "scaleX": 1,
    "scaleY": 1,
    "scaleZ": 1
  }
}
