{
  "ColorDiffuse": {
    "b": 0,
    "g": 0.36652,
    "r": 0.70588
  },
  "ContainedObjects_order": [
    "03099.447f67",
    "03084b.9a4d40",
    "03092.e65ad6",
    "03084d.dc7470",
    "03084a.03013f",
    "03085.d8fc95",
    "03084c.197c5f",
    "03093.052c26",
    "03090.040880",
    "03098.082ead",
    "03094.50bb7e",
    "03100.20c312",
    "03091.292259",
    "03095.80eee5",
    "03103.ffca17",
    "03105.2f561e",
    "03097.d18f51",
    "03102.b1eb60",
    "03101.24a6fb",
    "03104.85a666",
    "03096.04e2b3",
    "03089.7c3ad9",
    "03088.5d9c6e",
    "03087.bbc5c8",
    "03086.2ef138",
    "03167.fc54c0",
    "03183.fb8694",
    "DanielChesterfield.0b5364",
    "03164.a16d56",
    "03174.284bd8",
    "03178.6db137",
    "03180.f2a5bf",
    "03169.2c2120",
    "03177.1b5f8d",
    "03176.05f933",
    "03181.b5cc0b",
    "03170.9984d6",
    "03160.ae6b53",
    "03161.e4b584",
    "03162.00a029",
    "03188.4ef3eb",
    "03185.3a2753",
    "03187.fa245d",
    "03186.509863",
    "03163.fa2e4c",
    "03165.926ba2",
    "03175.e64f4a",
    "03168.9928ab",
    "03173.68b915",
    "03171.d7c99b",
    "03172.e43516",
    "03166.7c17ed",
    "03179.b51e58",
    "03184.254183",
    "Eljuramentoinconfesable.59ba1e",
    "03251.2409f5",
    "03250.eb0c9b",
    "03249.2df77c",
    "03247.deaee2",
    "03255.ce7b8d",
    "03248.c1a025",
    "03253.71d609",
    "03252.d72237",
    "03254.c42503",
    "03256.edc711",
    "03246.c845cb",
    "03245.97e045",
    "03244.dcd61c",
    "03243.d161a6",
    "03258.f648e4",
    "03261.475f9b",
    "03260.466bb8",
    "03259.797f0b",
    "03262.e43731",
    "Lamáscarapálida.66b66f",
    "03257.577442",
    "03242.7e8a2a",
    "03241a.c643f8",
    "03332.b23a84",
    "03339.50fec6",
    "03342.bf95fb",
    "03338.b58a1f",
    "03336.5eb913",
    "03335.ce27df",
    "03340.1c9700",
    "03337.f40629",
    "03341.d4a197",
    "03333.310070",
    "PenumbrosaCarcosa.1d05e1",
    "03327d.27fe24",
    "03319.ba219b",
    "03318.98064b",
    "03317.9fe571",
    "03324.dfca51",
    "03323a.e805d5",
    "03322a.f4cd29",
    "03321a.efe861",
    "03320.ce2e3a",
    "03327f.055c3e",
    "03327b.6f71ce",
    "03325.ce565e",
    "03329d.3fc720",
    "03329b.82d4c6",
    "03331.aeb8bb",
    "03326d.983cb9",
    "03326b.feb0e7",
    "03328d.5e668c",
    "03328f.a80fc7",
    "03328b.685c28",
    "03330b.46da15",
    "03334.28dcfd",
    "52075.34838e",
    "52019.d4c5d3",
    "52018.31bd23",
    "52072.ebf56c",
    "52074.fdcd7a",
    "52077.dbf6c4",
    "52020.523f98",
    "52073.6bd37c",
    "52078.316026",
    "52071.c24ad2",
    "52017.0e55a1",
    "52016.f47065",
    "52015.e2bb2f",
    "52076.80decf",
    "RegresoaSecierraelTelón.a4932b",
    "52067.85c6de",
    "52066.5362a9",
    "52068.7b897c",
    "52065.de2d92",
    "52022.18cf1c",
    "52027.16f3c4",
    "52026.f31393",
    "52025.688aaa",
    "52023.3e9622",
    "52024.d464f9",
    "RegresoaElÚltimoRey.a4932b",
    "52030.3f3a3f",
    "52032.fa1c9b",
    "52031.e28ee3",
    "52029.c0d319",
    "RegresoaEcosdelpasado.a4932b",
    "52033.20552a",
    "52035.60f7b3",
    "52037.f1235f",
    "52038.cb9eb4",
    "52036.614f1c",
    "RegresoaEljuramentoinconfesable.a4932b",
    "52039.5910f5",
    "RegresoaElFantasmadelaVerdad.a4932b",
    "52046.4822af",
    "52043.75f0d3",
    "52041.2a365e",
    "52044.8051e1",
    "52045.29ddf1",
    "52042.2162f5",
    "52047.b2a391",
    "52053.9867fd",
    "RegresoaLamáscarapálida.a4932b",
    "52051.054dd0",
    "52050.dd9264",
    "52052.0b42dd",
    "52049.2fdc68",
    "52058.11fbdf",
    "52057.7f821a",
    "REgresoaSurgenestrellasnegras.a4932b",
    "52056.87b1b4",
    "52055.4bc610",
    "52061.81e7b5",
    "52063.ef1aa1",
    "52060.b82b39",
    "RegresoaPenumbrosaCarcosa.a4932b",
    "52064.2cb5df",
    "52070.97c67b",
    "52069.663a49",
    "52062.3fe952",
    "03289.f90e5e",
    "03295.d5dc83",
    "03291.c486bb",
    "03290.9f1019",
    "03284.aca047",
    "03294.8b6f79",
    "03285.1ae229",
    "03286.64a3fa",
    "PortedelAvancée.7f21ff",
    "03292.cc4312",
    "03293.bd6d22",
    "03297.b65671",
    "03298.8494a4",
    "03296.023e3c",
    "03299.758a4a",
    "03288.1e77d8",
    "03287.cc61a4",
    "03277.38b8b5",
    "03275.f4849b",
    "03282.809c1f",
    "03301.29232e",
    "03276a.dd71bd",
    "03279b.42e6a6",
    "03276b.7f2a55",
    "03279a.20e0b9",
    "03280.042f5d",
    "03278.7219e0",
    "03302.aa898a",
    "03303.921ade",
    "03281.1f49ae",
    "Surgenestrellasnegras.1b0dc4",
    "03300.40224f",
    "ElMantoAndrajoso.21ef03",
    "Ecosdelpasado.dc0906",
    "Juramentadoposeido.b9af73",
    "SrPeabody.a3f350",
    "Brochedeónicenegro.8b53d5",
    "03121.3660b0",
    "03122.cf8280",
    "03123.47b174",
    "03124.b6a7b9",
    "03125.506213",
    "03130.e1f92d",
    "03136.5b1eda",
    "03137.cbcda1",
    "03138.3b15c9",
    "03127.f15acf",
    "03129.d153da",
    "03135.da6d52",
    "03128.75952a",
    "03132.c0478b",
    "03133.1953b8",
    "03134.178220",
    "03131.7d2276",
    "03144.99cca7",
    "03145.649156",
    "Bibliotecaoculta.005b72",
    "03126.2eefa8",
    "03146.90ccd5",
    "03057.a30693",
    "03049.e1a7e6",
    "03051.23ce19",
    "03055.8ae722",
    "03054.26aee7",
    "03050.b76adc",
    "03052.c280f4",
    "03056.77c6b7",
    "03058.a4c467",
    "Elhombredelamáscarapálida.d212bb",
    "Secierraeltelón.dc0906",
    "Emisarioreal.3eb030",
    "03048.411b26",
    "03047c.d38330",
    "03046.a763a0",
    "03044.0c7e83",
    "03045.96a933",
    "03047b.c457c9",
    "03047a.834510",
    "03053.e74d07",
    "03068.8ab5ff",
    "03062.c36d53",
    "03063.443c8f",
    "03067.7c6d0b",
    "03065.752f02",
    "03066.dee1fe",
    "03069.b963e9",
    "03081.96509b",
    "ElÚltimoRey.901e35",
    "03082.3b6139",
    "03083.c587ee",
    "03064.3660b0",
    "03070.64de32",
    "03073.f235c2",
    "03075.d078a2",
    "03074.86b12a",
    "03076.656e9c",
    "03080.f1704c",
    "03077.db3234",
    "03079.7a2a80",
    "03078.94cd64",
    "03071.1e8285",
    "03072.24c1a8",
    "03208.fe1570",
    "03211.d2233e",
    "03216.cfc2b7",
    "03217.0ab13e",
    "03218.875fc9",
    "03207.8b39ba",
    "03206.b2c236",
    "03205.766dfb",
    "03204.36c6c5",
    "03220.9a249e",
    "03213.a93a47",
    "03212.e79963",
    "03203.f73b48",
    "03202.7185ef",
    "03201.9cbd05",
    "03219.7ad14b",
    "03210.509442",
    "03209.185732",
    "Elorganista.fa78f6",
    "03223.d7ef4e",
    "03222.0d5b56",
    "03226.e5b183",
    "03224.67b6b1",
    "03225.7a8263",
    "Elfantasmadelaverdad.b39f64",
    "03215.548b79",
    "03227.a07888",
    "03214.10d474"
  ],
  "ContainedObjects_path": "ThePathtoCarcosa.bb9143",
  "GUID": "bb9143",
  "Hands": false,
  "HideWhenFaceDown": false,
  "Name": "Bag",
  "Nickname": "The Path to Carcosa",
  "Transform": {
    "scaleX": 1,
    "scaleY": 1,
    "scaleZ": 1
  }
}
