{
  "ColorDiffuse": {
    "b": 0,
    "g": 0,
    "r": 0.94077
  },
  "ContainedObjects_order": [
    "09770a.96fd8d",
    "09769a.e76b59",
    "09768a.e32341",
    "09767.d9866f",
    "09766.d88438",
    "09765.7bf6d4",
    "09764.292ad0",
    "09763.3fa525",
    "09762.911b87",
    "09761.bd2c40",
    "09760.ef4e85",
    "09759.9bbc97",
    "09758.649b30",
    "09757.b4b1ef",
    "09756.89ac59",
    "09755.059625",
    "09754.b76905",
    "09753.33eb9b",
    "09752.036819",
    "09751.cd6fec",
    "09750.45ea88",
    "09749b.d1796f",
    "09749a.e9e530",
    "09748b.a344d0",
    "09748a.14d244",
    "09747c.2deab1",
    "09747b.1f51f2",
    "09747a.1510a9",
    "09746.9bfd3c",
    "09745.5fa80a",
    "09744.92d924",
    "09743.3f8aaa",
    "09742.25ee08",
    "09741.29b2b7",
    "09740.3beec6",
    "09739.c5b7dc",
    "09738.a96058",
    "09737.34f421",
    "09736.287e64",
    "09735.7c5dfb",
    "09734.8f4ddb",
    "09733.5e6f66",
    "09732.10af2c",
    "09731.420ce6",
    "09730.ecec3d",
    "09729.74976d",
    "09728.de1a1f",
    "09727b.d8ea96",
    "09727a.335c77",
    "09726b.366500",
    "09726a.70f5f2",
    "09725.a67418",
    "09724.e9a57b",
    "09723.7e4d8a",
    "09722.fc6370",
    "09721.741452",
    "09720.423ad1",
    "09719.84548e",
    "09718.6f5dd8",
    "09717.7148d4",
    "09716c.02ab8a",
    "09716b.4920bc",
    "09716a.7e4d28",
    "09715.36343d",
    "09714.1a01f5",
    "09713.a86e33",
    "09712.a12110",
    "09711.c1877b",
    "09710.f87d3a",
    "09709.c02478",
    "09708.27f7f2",
    "09707.4ce3ae",
    "09706.ebce4c",
    "09705.0dfab3",
    "09704.908f17",
    "09703.117523",
    "09702.7a4c99",
    "09701.1c0440",
    "09700.f61370",
    "09699.f14ce5",
    "09698.08dc3a",
    "09697.febc68",
    "09696.d7e2f8",
    "09695.4f6eb6",
    "09694.4af8fc",
    "09693.65e769",
    "09692.f03e50",
    "09691.12f628",
    "09690.c5bc05",
    "09689.2a8271",
    "09688.db2b08",
    "09687.e91330",
    "09686.99d129",
    "09685.cd3473",
    "09684.86f970",
    "09683.2abd8c",
    "09682.fafce7",
    "09681.522c93",
    "09680a.bd8e47",
    "09679a.aa2034",
    "09678.107639",
    "09677.f90914",
    "09676c.3cd80e",
    "09676a.fd394c",
    "09675c.48cdef",
    "09675a.5af26e",
    "09674c.990266",
    "09674a.9cd6d8",
    "09673.be0e72",
    "09672.a37e74",
    "09671.71dc79",
    "09670.4c6cea",
    "09669.a72810",
    "09668.512db4",
    "09667.40a7a8",
    "09666.8cd6c1",
    "09665.984208",
    "09664.d4c64c",
    "09663.20bea0",
    "09662.5aecbe",
    "09661.759f16",
    "09660.732add",
    "09659a.fb5dab",
    "09658.b649fb",
    "09657.58da10",
    "09656.40209f",
    "09655a.819acc",
    "09654a.9646da",
    "09653a.302ea9",
    "09652.88293f",
    "09651.30697a",
    "09650.e430f3",
    "09649.4669de",
    "09648.f1a016",
    "09647.697199",
    "09646.f5e1c3",
    "09645.33aa22",
    "09644.680ca6",
    "09643.5e122e",
    "09642.14501d",
    "09641.53cc23",
    "09640.7e4dd5",
    "09639.98f876",
    "09638.f530de",
    "09637.167b95",
    "09636.7acb25",
    "09635.6b4bd1",
    "09634a.13892b",
    "09633.f5a69f",
    "09632.c88e8b",
    "09631.684b66",
    "09630.a31bb7",
    "09629.537985",
    "09628.9a42c7",
    "09627.9526ff",
    "09626.48c211",
    "09625a.6083fe",
    "09624.7f6bd9",
    "09623.8a5975",
    "09622.72ac60",
    "09621.e3ca18",
    "09620.5019d9",
    "09619.ea817f",
    "09618.383196",
    "09617.d895bf",
    "09616.6e47b2",
    "09615a.720fbf",
    "09614.afc772",
    "09613.fa13a1",
    "09612.517c7a",
    "09611.955abe",
    "09610.91b802",
    "09609.b14879",
    "09608.aa79d0",
    "09607a.0155b3",
    "09606a.e60549",
    "09605.bab94a",
    "09604.629dd8",
    "09603.e4a237",
    "09602.5bec4b",
    "09601.98e622",
    "09600a.390e01",
    "09599.9dd8f3",
    "09598.8cf372",
    "09597.9e2599",
    "09596.7dce23",
    "09595.6e6821",
    "09594.c812f7",
    "09593.c77fdc",
    "09592.c4f500",
    "09591.653f35",
    "09590a.a024ca",
    "09589.8bf21f",
    "09588.71719d",
    "09587.005b21",
    "09586c.6d4ef0",
    "09586b.a23ca4",
    "09586a.95c548",
    "09585.a2c1a4",
    "09584.513369",
    "09583.f67aa5",
    "09582.88616b",
    "09581.868ea7",
    "09580.dff31d",
    "09579.617fa3",
    "09578.29d0df",
    "09577.051484",
    "09576.a4bb9f",
    "09575.543914",
    "09574.3dfe35",
    "09573.0a148c",
    "09572.7a3f5d",
    "09571.6df424",
    "09570.25af6f",
    "09569.fe9c74",
    "09568.6c872a",
    "09567.aaad10",
    "09566.1f9954",
    "09565a.a11fe4",
    "09564.1fa96e",
    "09563.6469cc",
    "09562.8c2725",
    "09561.7d37e7",
    "09560.bd9acc",
    "09559.61e8ae",
    "09558.68d954",
    "09557.99e60d",
    "09556.991896",
    "09555.124535",
    "09554.f60179",
    "09553.eb7f16",
    "09552.c14500",
    "09551.dc0725",
    "09550.b7e5da",
    "09549.f4b87b",
    "09548.d5ddb2",
    "09547.8c986b",
    "09546.81da6d",
    "09545.fb8a40",
    "09544a.2456fa",
    "09543.905524",
    "09542.319f76",
    "09541.3a545c",
    "09540.d2e49f",
    "09539.bb63d7",
    "09538.71ceb5",
    "09537.58f90e",
    "09536.866da9",
    "09535.0aa02d",
    "09534.218341",
    "09533.ff3d30",
    "09532.761c39",
    "09531.3fad3d",
    "09530.3901bc",
    "09529.7adf6a",
    "09528.dea6b8",
    "09527.0e9c10",
    "09526.fb659d",
    "09525.0ee4df",
    "09524.74cf84",
    "09523.3e7fb2",
    "09522.d37ed5",
    "09521.f5bab1",
    "09520.e2ff77",
    "09519a.77f1cd",
    "09518.833807",
    "09517.3f5d28",
    "09516.23f15e",
    "09515.930e62",
    "09514.682435",
    "09513.be1641",
    "09512.f128f5",
    "09511.6ac088",
    "09510.023fcc",
    "09509.a06c8b",
    "09508.ac69cc",
    "09507.f87ebd",
    "09506.f581f1",
    "09505.f98c57",
    "09504.0fed85",
    "09503.e2d7db",
    "09502.172fdb",
    "09501.8bd826"
  ],
  "ContainedObjects_path": "TheScarletKeys-LasLlavesEscarlata.7ffb52",
  "GUID": "7ffb52",
  "Hands": false,
  "HideWhenFaceDown": false,
  "Memo": "[]",
  "Name": "Bag",
  "Nickname": "The Scarlet Keys - Las Llaves Escarlata",
  "Transform": {
    "rotY": 270,
    "scaleX": 1,
    "scaleY": 1,
    "scaleZ": 1
  }
}
