{
  "AltLookAngle": {
    "x": 0,
    "y": 0,
    "z": 0
  },
  "Autoraise": true,
  "Bag": {
    "Order": 0
  },
  "ColorDiffuse": {
    "b": 1,
    "g": 1,
    "r": 1
  },
  "ContainedObjects_order": [
    "05074.566336",
    "05074.bcbeae",
    "05075.8bbc4c",
    "05075.a73eff",
    "05065.0d187c",
    "05065.bf3c29",
    "05065.4fb424",
    "05062.d0ac25",
    "05064.9d678d",
    "05063.be8b60",
    "05064.531b88",
    "05062.4502d4",
    "05062.b062e6",
    "05063.6bca1e",
    "05072.444c1e",
    "05073.f4566d",
    "05073.9ca4d1",
    "05072.836994",
    "05066.7ff225",
    "05066.284f2a",
    "05066.9c1351",
    "05067.9af383",
    "05067.6360ad",
    "05067.5c848c",
    "05070.028ec0",
    "05070.faf1f2",
    "05071.e2ab84",
    "05071.049e82",
    "05071.1f54d2",
    "05049.0db4eb",
    "05043.fb1941",
    "05044.339ce8",
    "05045.ef1524",
    "05046.ef9c0d",
    "05047.a657aa",
    "05048.d0b89f",
    "05064.c4f404",
    "05057.3de82f",
    "05063.c3b094",
    "05062.4d0115",
    "05061.f08d3c",
    "05056.a148b5",
    "05055.57e1e4",
    "05054.bbf43c",
    "05053.d394db",
    "05052.2228c1",
    "05051.f4d12f",
    "05050.c104d8",
    "05060.4d50fd",
    "05059.23db29",
    "05058.6076b8",
    "05075.70a030",
    "05072.e10efb",
    "05073.271566",
    "05074.1fa52d",
    "05084.1a6518",
    "05085.b613dd",
    "05070.a86260",
    "05071.cdbe56",
    "05082.b6fc6e",
    "05083.408d43",
    "05068.db0f8b",
    "05069.631103",
    "05080.0f4fbf",
    "05081.10463b",
    "05067.13da43",
    "05078.39938c",
    "05066.6b3bb8",
    "05076.8ebbb9",
    "05077.b88ed5",
    "05079.9692cf",
    "05065.074340",
    "05145.8b8b25",
    "05140.fde611",
    "05130.633422",
    "05131.683016",
    "05141.9d6135",
    "05146.c17545",
    "05132.e5047f",
    "05133.8b9eb4",
    "05142.a7dd3f",
    "05146.4c12be",
    "05123.a0b26f",
    "05124.111289",
    "05134.b6b365",
    "05142.99f742",
    "05143.02db61",
    "05147.35c7be",
    "05147.3d4f01",
    "05120.5433bb",
    "05121.ce00f5",
    "05122.2892f2",
    "05125.6a50ab",
    "05126.084975",
    "05135.c03289",
    "05136.6e1530",
    "05143.0a5732",
    "05143.110f27",
    "05148.826a0f",
    "05127.37bac9",
    "05128.38e2ec",
    "05137.5ff3db",
    "05138.47d1b6",
    "05144.7296b6",
    "05144.36c288",
    "05149.1135fc",
    "05150.de40e7",
    "05129.e94b84",
    "05139.a4f095",
    "05145.9690a4",
    "05161.fe186b",
    "05168.7e1ac8",
    "05178i.5e3f75",
    "05169.6f4430",
    "05170.3af5c2",
    "05175.83e4e9",
    "05176.847652",
    "05177.f7b424",
    "05178k.1804f1",
    "05179.a8b2d4",
    "05171.dc32a8",
    "05172.6a1968",
    "05177.5e680e",
    "05177.0d19a7",
    "05179.f9d730",
    "05180.0c88fe",
    "05180.08c78d",
    "05181.11ac62",
    "05181.cea6b8",
    "05184.b2336c",
    "05173.3a7707",
    "05177.a88b2a",
    "05182.f4879b",
    "05185.6c0583",
    "05164.577ba3",
    "05165.3e59d5",
    "05174.1973de",
    "05178a.0e7e83",
    "05178c.f0af87",
    "05182.e93930",
    "05183.767dc0",
    "05185.8bef01",
    "05162.05f30b",
    "05166.d975cd",
    "05178e.290fa8",
    "05183.ab7828",
    "05163.07d09d",
    "05167.e985cf",
    "05178g.22cd05",
    "05184.f29e9d",
    "05224.1dff8b",
    "05217.02528c",
    "05218.2c8d46",
    "05219.96c147",
    "05224.f64c7a",
    "05225.38ce4c",
    "05207.beb237",
    "05208.bd76b7",
    "05209.b31771",
    "05210.672a27",
    "05211.4b5000",
    "05220.bd213d",
    "05221.e59037",
    "05225.502f52",
    "05226.aa77cb",
    "05212.7de988",
    "05221.7b952e",
    "05226.15c5ed",
    "05197.df3b3b",
    "05198.3ae99c",
    "05199.966457",
    "05200.5fff2b",
    "05201.0e83c2",
    "05202.f8407c",
    "05203.f5ca09",
    "05204.7d5346",
    "05213.8b82f4",
    "05214.db0b11",
    "05222.3feb28",
    "05222.87bbec",
    "05227.bc23be",
    "05228.f5ca21",
    "05205.19c9d1",
    "05215.878659",
    "05223.111d86",
    "05223.8a1601",
    "05206.7ffc30",
    "05216.3870ad",
    "05268.d9e623",
    "05260.f2a530",
    "05261.9ad467",
    "05262.ba1949",
    "05268.76dc72",
    "05269.2a0fb0",
    "05249.359a3a",
    "05250.38fa49",
    "05251.132dd6",
    "05252.be6670",
    "05253.96f087",
    "05263.9663c1",
    "05269.168f52",
    "05264.be4f02",
    "05270.8ea2c3",
    "05254.0b0f11",
    "05265.dcc40a",
    "05270.0fa2a9",
    "05255.5c6dcb",
    "05266.920bdc",
    "05271.a1556b",
    "05256.5dabf8",
    "05266.98371c",
    "05271.1d995e",
    "05257.8b1b8b",
    "05266.0bbe29",
    "05272.dce00b",
    "05245.81283f",
    "05246.d53f96",
    "05244.4921a0",
    "05267.5ecee5",
    "05243.b1af19",
    "05258.c778c7",
    "05247.ac7031",
    "05241.daacd4",
    "05242.e3f716",
    "05240.b25ab3",
    "05267.aa3efa",
    "05239.a6f4f7",
    "05259.fb8979",
    "05238.39c226",
    "05248.955628",
    "05299.73d6e8",
    "05284.5c21b6",
    "05285.6782f7",
    "05290.5881be",
    "05300.d33da1",
    "05301.904cb9",
    "05091.14395a",
    "05292.9d93ad",
    "05306.9ff91f",
    "05306.20e43d",
    "05293.de248a",
    "05294.1b4d51",
    "05306.f12e26",
    "05307.1f5704",
    "05295.fec453",
    "05296.f1d169",
    "05307.4177e1",
    "05308.c1f36b",
    "05297.acff1a",
    "05308.dcf39a",
    "05308.8556c1",
    "05298.e443c1",
    "05342.156973",
    "05338.508f47",
    "05338.e4e39d",
    "05342.5ce6f0",
    "05339.07d527",
    "05343.d34415",
    "05334.1a798a",
    "05335.955312",
    "05336.d3465f",
    "05336.1c2ba6",
    "05336.20c746",
    "05340.2b6e24",
    "05340.fac09b",
    "05343.2e3a68",
    "05344.00ce80",
    "05337.e38106",
    "05337.a0d3a1",
    "05341.e29bc7",
    "05341.f49e28",
    "05341.93d286",
    "05344.2f5873",
    "05345.515bd4",
    "05345.b66a08",
    "05325.2dbc04",
    "05326.6dcc2e",
    "05327.47c056",
    "05328.04fda6",
    "05329.9d129e",
    "05330.077417",
    "05331.684403",
    "05332.69783a",
    "05333.0a93ac",
    "05337.af48c9",
    "05338.76810f",
    "05342.a93355",
    "05346.3bcd56",
    "05312.af296f",
    "05286.99a1cd",
    "05287.4a899e",
    "05302.c8d55c",
    "05303.f35e6d",
    "05311.ff2b35",
    "05311.41da36",
    "05312.4a2b32",
    "05288.09e9ab",
    "05289.4c76ac",
    "05304.1ad473",
    "05305.8b2065",
    "05309.e00095",
    "05309.8a6d5b",
    "05310.0d6b48",
    "05310.81f803",
    "05098.430e77",
    "05098.e4a3c0",
    "05099.a00811",
    "05099.d4f676",
    "05099.5d5701",
    "05095.335c55",
    "05095.b2e478",
    "05095.0d2c89",
    "05096.af6ad1",
    "05097.279c67",
    "05097.cb77be",
    "05105.79ef78",
    "05105.25a09f",
    "05106.ae5ac1",
    "05106.d49b85",
    "05103.48ff1c",
    "05103.c5087b",
    "05104.3d3fcd",
    "05104.45acfd",
    "05094.1aebbc",
    "05094.fedbc9",
    "05093.e6346b",
    "05093.2ed4aa",
    "05092.fd0dbe",
    "05092.d460d1",
    "05092.f7a7cc",
    "05101.e5bc1a",
    "05100.00b67e",
    "05102.008e73",
    "05102.418802",
    "05101.4c18b1",
    "05086.814adc",
    "05087.9b6d98",
    "05087.aee969",
    "05089.8c0a59",
    "05088.a690ff",
    "05089.6baefc",
    "05089.a1bcb8",
    "05091.0c7c3a",
    "05090.864640",
    "05090.a11f04",
    "05090.6c84fd",
    "05068.0420c0",
    "05068.245758",
    "05069.ec251c",
    "05069.0af9f4",
    "05107.338d3c",
    "05107.b7f009",
    "05107.76579d",
    "05108.a51f55",
    "05108.8718ba",
    "05108.693fff"
  ],
  "ContainedObjects_path": "DergebrocheneKreis.b68ab8",
  "CustomMesh": {
    "CastShadows": true,
    "ColliderURL": "https://steamusercontent-a.akamaihd.net/ugc/1830153464725326654/AFB8F257CE1E4973F4C06160A2E156C147AEE1E3/",
    "Convex": true,
    "CustomShader": {
      "FresnelStrength": 0,
      "SpecularColor": {
        "b": 1,
        "g": 1,
        "r": 1
      },
      "SpecularIntensity": 0,
      "SpecularSharpness": 2
    },
    "DiffuseURL": "https://steamusercontent-a.akamaihd.net/ugc/1830153464725325467/0C4AD36DFB7DEEF6C5AA7DAE6221ED6DEDFCF1CA/",
    "MaterialIndex": 3,