{
  "AltLookAngle": {
    "x": 0,
    "y": 0,
    "z": 0
  },
  "Autoraise": true,
  "Bag": {
    "Order": 0
  },
  "ColorDiffuse": {
    "b": 1,
    "g": 0.99216,
    "r": 1
  },
  "ContainedObjects_order": [
    "09723.d88a8a",
    "09722.0036a2",
    "09721.3f708b",
    "09720.4e0930",
    "09740.7b518d",
    "09739.3679ae",
    "09770.ca76f1",
    "09769.ac79a4",
    "09768.a3c435",
    "09767.919c4c",
    "09766.d4406e",
    "09765.8a0a81",
    "09764.48fc4e",
    "09763.f1f4c2",
    "09762.771ad6",
    "09733.4d8c04",
    "09732.7195c4",
    "09731.6e8d92",
    "09728.fecbe1",
    "09727.fbd102",
    "09726.2e5f03",
    "09761.cae6cc",
    "09760.4fe778",
    "09759.1e5d2e",
    "09758.7f9935",
    "09757.f25876",
    "09756.216ef0",
    "09755.cf5785",
    "09754.da3539",
    "09753.5612ac",
    "09752.b16a29",
    "09751.d42db5",
    "09750.251d7a",
    "09749.a3b520",
    "09748.043408",
    "09747.cefea3",
    "09717.eb8178",
    "09716.0ebd54",
    "09725.984e48",
    "09724.2feae8",
    "09746.aa4e0c",
    "09745.4d0eaa",
    "09744.324730",
    "09738.3f9547",
    "09737.a2a63e",
    "09730.c18f10",
    "09729.2ab566",
    "09719.f69701",
    "09718.4cddab",
    "09736.0f2638",
    "09735.6284a5",
    "09734.69fcda",
    "09743.09c4f9",
    "09742.46cbc6",
    "09741.6c1163",
    "09544.b2ce1f",
    "09543.5c1903",
    "09542.5d5909",
    "09541.71de7d",
    "09540.464801",
    "09539.3d06b2",
    "09538.608606",
    "09537.d1f9fa",
    "09536.29ba66",
    "09535.420fc8",
    "09534.319a33",
    "09533.cd4493",
    "09532.c30a5e",
    "09531.2ed3b6",
    "09530.de5c31",
    "09529.44730c",
    "09528.213b4f",
    "09527.bcd7bc",
    "09526.b03d91",
    "09525.80e29e",
    "09524.b6aec6",
    "09523.5b5306",
    "09522.1a4493",
    "09521.e0b38b",
    "09520.c48a44",
    "09693.049ac3",
    "09692.bc9af2",
    "09691.e959ff",
    "09690.3ea2dc",
    "09689.bfed43",
    "09688.859c72",
    "09687.764d1d",
    "09686.573cc8",
    "09685.7944de",
    "09684.3095f0",
    "09683.54a3ba",
    "09682.786fc2",
    "09681.21e5b9",
    "09715.946f08",
    "09714.178866",
    "09713.15fbb4",
    "09712.24a5d6",
    "09711.add426",
    "09710.c907ad",
    "09709.d9b411",
    "09708.374f7a",
    "09707.487188",
    "09706.61638d",
    "09705.e53f18",
    "09704.5ebbe0",
    "09703.2104e9",
    "09702.ce4c11",
    "09701.54ceae",
    "09700.3c8aae",
    "09699.12268b",
    "09698.d536b7",
    "09697.5d7c59",
    "09696.52a425",
    "09695.91dd46",
    "09694.359c5d",
    "Card.5f09e1",
    "09608.f5c3e8",
    "09607.938fb3",
    "09606.40357b",
    "09605.68a084",
    "09604.9515af",
    "09603.e070a6",
    "09602.37c120",
    "09601.306e0c",
    "09600.85aae7",
    "09599.8b7e09",
    "09598.d45ca4",
    "09597.e6d2c6",
    "09596.851f61",
    "09595.085669",
    "09594.9705c1",
    "09593.118bd6",
    "09592.f5957a",
    "09591.2f20d8",
    "09680.35ce1f",
    "09679.5a9d65",
    "09678.234691",
    "09677.2d18da",
    "09676.72966a",
    "09675.865471",
    "09674.be13fd",
    "09673.1b00a2",
    "09672.79ae1b",
    "09671.bf67fe",
    "09670.a906b1",
    "09669.893f26",
    "09668.b94187",
    "09667.94e1d6",
    "09666.18e6f6",
    "09665.ed617f",
    "09664.76962a",
    "09663.d75d6d",
    "09662.fb669a",
    "09661.73a0bd",
    "09660.ec7989",
    "09519.f7d4d0",
    "09518.bdf5a6",
    "09517.76a20c",
    "09516.3f7a77",
    "09515.3aca4a",
    "09514.759dbe",
    "09513.45ed95",
    "09512.d35367",
    "09511.cedac8",
    "09510.094b5b",
    "09502.9450ae",
    "09503.17bd0a",
    "09504.d9dbfa",
    "09505.72d204",
    "09506.330121",
    "09507.89b90c",
    "09508.8c08d6",
    "09509.2ef4eb",
    "09501.0cc9d5",
    "09659.4b038f",
    "09658.be80ae",
    "09657.595424",
    "09656.6c51e9",
    "09655.e56a60",
    "09654.e25626",
    "09653.711840",
    "09652.df9be6",
    "09651.1608c0",
    "09650.30d39e",
    "09649.482033",
    "09648.ae5f96",
    "09647.e4ac7d",
    "09646.545aff",
    "09645.c05bfc",
    "09644.41b916",
    "09643.146cab",
    "09642.f5c62a",
    "09641.402a0e",
    "09640.4461b1",
    "09639.ed8682",
    "09638.d654b8",
    "09637.dc61a3",
    "09636.bee7ad",
    "09635.842aa7",
    "09590.da7514",
    "09589.4517bd",
    "09588.3e5157",
    "09587.63c464",
    "09586.2b9bc8",
    "09585.5c279d",
    "09584.9a2127",
    "09583.f9ea27",
    "09582.e764e9",
    "09581.783b3d",
    "09580.d4f94a",
    "09579.ec267b",
    "09578.72c4f0",
    "09577.a4faf8",
    "09576.8328db",
    "09575.e47c22",
    "09574.b8015c",
    "09573.d07a32",
    "09572.a280b9",
    "09571.6e6959",
    "09570.9de420",
    "09569.385d0a",
    "09568.799d0f",
    "09567.23328e",
    "09566.99af9d",
    "09565.1b3cc1",
    "09564.14283b",
    "09563.ff5e5c",
    "09562.5a1ae5",
    "09561.35a1c9",
    "09560.184793",
    "09559.6074c9",
    "09558.10ec0f",
    "09557.0e99cf",
    "09556.5a88b4",
    "09555.ac4193",
    "09554.0ff77c",
    "09553.d4d06e",
    "09552.c8c0c2",
    "09551.cc9918",
    "09550.6637cb",
    "09549.04c434",
    "09548.04bdc1",
    "09547.339f3d",
    "09546.c46a6a",
    "09545.09545",
    "09634.615c15",
    "09633.76ca81",
    "09632.19a456",
    "09631.9e8bf5",
    "09630.8ced70",
    "09629.a3888b",
    "09628.61dbd0",
    "09627.8f306f",
    "09626.9fd0e7",
    "09625.26b84f",
    "09624.dec26f",
    "09623.c1dd99",
    "09622.29d991",
    "09621.5fe5f0",
    "09620.c46b17",
    "09619.2cf74b",
    "09618.4b109c",
    "09617.b7399b",
    "09616.e5046d",
    "09615.c5ad12",
    "09614.1bc8f7",
    "09613.bb5f17",
    "09612.ef01c3",
    "09611.858c25",
    "09610.12114d",
    "09609.fa5f0d"
  ],
  "ContainedObjects_path": "DieScharlachrotenSchlssel.72223c",
  "CustomMesh": {
    "CastShadows": true,
    "ColliderURL": "",
    "Convex": true,
    "DiffuseURL": "https://steamusercontent-a.akamaihd.net/ugc/2513653416251103727/C518D80E31E27DB23EEAC8CF9253E59798865790/",
    "MaterialIndex": 1,
    "MeshURL": "https://steamusercontent-a.akamaihd.net/ugc/2513653416251102871/3078F312706FC974833ECD2A359B87FD4F283509/",
    "NormalURL": "https://steamusercontent-a.akamaihd.net/ugc/2513653416251104558/E70E4A58A1B7827F1E5E2AF9FF44DF0BD5DA33F7/",
    "TypeIndex": 6
  },
  "Description": "",
  "DragSelectable": true,
  "GMNotes": "",
  "GUID": "72223c",
  "Grid": true,
  "GridProjection": false,
  "Hands": false,
  "HideWhenFaceDown": false,
  "IgnoreFoW": false,
  "LayoutGroupSortIndex": 0,
  "Locked": false,
  "LuaScript": "",
  "LuaScriptState": "",
  "MaterialIndex": -1,
  "MeasureMovement": false,
  "MeshIndex": -1,
  "Name": "Custom_Model_Bag",
  "Nickname": "Die Scharlachroten Schlüssel",
  "PhysicsMaterial": {
    "BounceCombine": 0,
    "Bounciness": 0,
    "DynamicFriction": 0.6,
    "FrictionCombine": 0,
    "StaticFriction": 0.6
  },
  "Rigidbody": {
    "AngularDrag": 0.1,
    "Drag": 0.1,
    "Mass": 1.375,
    "UseGravity": true
  },
  "Snap": true,
  "Sticky": true,
  "Tooltip": true,
  "Transform": {
    "posX": 26.79,
    "posY": 2.16,
    "posZ": -1.815,
    "rotX": 0,
    "rotY": 270,
    "rotZ": 0,
    "scaleX": 3.1,
    "scaleY": 3.1,
    "scaleZ": 3.1
  },
  "Value": 0,
  "XmlUI": ""
}
