{
  "AltLookAngle": {
    "x": 0,
    "y": 0,
    "z": 0
  },
  "Autoraise": true,
  "Bag": {
    "Order": 0
  },
  "ColorDiffuse": {
    "b": 1,
    "g": 1,
    "r": 1
  },
  "ContainedObjects_order": [
    "01115.68e5aa",
    "01114.0e3d13",
    "01117.f922e8",
    "01118.5a46eb",
    "01119.21cbbf",
    "01105.8b34f2",
    "01109.98efcd",
    "01110.153523",
    "01116.2d0b33",
    "01106.79fb23",
    "01107.05cefa",
    "01108.305475",
    "01113.78d338",
    "01111.2cf346",
    "01112.7fea3a",
    "01104.47d963",
    "01123.9ee983",
    "01131.60133f",
    "01130.debf98",
    "01133.c1d981",
    "01132.78d087",
    "01124.438d6f",
    "01129.0fe74d",
    "01128.166711",
    "01135.c4fba1",
    "01134.546edf",
    "01136.d5d501",
    "01136.9891e7",
    "01135.455717",
    "01135.9876ba",
    "01121.105266",
    "01127.b2d7fd",
    "01122.5d0d6a",
    "01125.611639",
    "01126.8795cb",
    "01120.b1ec9b",
    "01151.2f7075",
    "01143.bf4e54",
    "01144.8d72f3",
    "01145.55c401",
    "01146.30d47c",
    "01147.091adb",
    "01148.ae7476",
    "01149.1a9833",
    "01150.1a29de",
    "01152.a6fb90",
    "01153.f664ad",
    "01154.7d1300",
    "01155.53cfbe",
    "01156.70d8ea",
    "01157.c6c337",
    "01158.c8366a",
    "01158.1c34d0",
    "01142.f23bcb",
    "01169.70567b",
    "01169.49c8fb",
    "01169.04832c",
    "01170.222c25",
    "01171.76bfe7",
    "01171.d36707",
    "01176.9a47e6",
    "01175.a7382e",
    "01175.687551",
    "01176.a18e8c",
    "01180.15039c",
    "01180.1339a3",
    "01180.03f20c",
    "01179.004d68",
    "01167.b05303",
    "01167.688fe0",
    "01168.0e3e7b",
    "01168.635601",
    "01174.241338",
    "01174.be4994",
    "01177.a4c847",
    "01177.5b3eef",
    "01178.69894c",
    "01178.8a0498",
    "50041.8e4786",
    "50043.e27f8d",
    "50043.97dcc2",
    "50041.afc6ae",
    "50042.6a1970",
    "50041.4a2ac2",
    "01172.b3cdb1",
    "01173.721029",
    "01173.365770",
    "01172.ab7eb2",
    "01166.15f0cd",
    "01166.1989ae",
    "01166.fe7fe1",
    "50038.026837",
    "50040.f133ce",
    "50038.3e0864",
    "50039.5b873b",
    "50038.a26360",
    "01160.6877f8",
    "01162.2fd9f9",
    "01162.ffaab1",
    "01161.ce429d",
    "01162.e34394",
    "01160.e762fa",
    "01160.ac97d7",
    "01137.bae98e",
    "01140.baf46f",
    "01141.910359",
    "01139.602e59",
    "01138.9f3de5",
    "01163.f5cdbf",
    "01165.15c2d5",
    "01165.622f41",
    "01163.339e4a",
    "01164.c8cdbc",
    "01164.10fae1",
    "01163.48400f",
    "01181.412596",
    "01182.7d8961",
    "01182.512dac",
    "01181.991375",
    "01159.71bac5",
    "01159.ad0a5d",
    "01159.b191ca"
  ],
  "ContainedObjects_path": "Grundspiel.3c77b5",
  "CustomMesh": {
    "CastShadows": true,
    "ColliderURL": "https://steamusercontent-a.akamaihd.net/ugc/1830153464725326654/AFB8F257CE1E4973F4C06160A2E156C147AEE1E3/",
    "Convex": true,
    "CustomShader": {
      "FresnelStrength": 0,
      "SpecularColor": {
        "b": 1,
        "g": 1,
        "r": 1
      },
      "SpecularIntensity": 0,
      "SpecularSharpness": 2
    },
    "DiffuseURL": "https://steamusercontent-a.akamaihd.net/ugc/1830153464725325835/0958A76FA11188C98BC3C8AD657853CF1B3AD91A/",
    "MaterialIndex": 3,
    "MeshURL": "https://steamusercontent-a.akamaihd.net/ugc/1830153464725326654/AFB8F257CE1E4973F4C06160A2E156C147AEE1E3/",
    "NormalURL": "",
    "TypeIndex": 6
  },
  "Description": "",
  "DragSelectable": true,
  "GMNotes": "",
  "GUID": "3c77b5",
  "Grid": true,
  "GridProjection": false,
  "Hands": false,
  "HideWhenFaceDown": false,
  "IgnoreFoW": false,
  "LayoutGroupSortIndex": 0,
  "Locked": false,
  "LuaScript": "",
  "LuaScriptState": "",
  "MaterialIndex": -1,
  "MeasureMovement": false,
  "MeshIndex": -1,
  "Name": "Custom_Model_Bag",
  "Nickname": "Grundspiel",
  "Snap": true,
  "Sticky": true,
  "Tooltip": true,
  "Transform": {
    "posX": 26.568,
    "posY": 2.199,
    "posZ": -2.209,
    "rotX": 0,
    "rotY": 270,
    "rotZ": 0,
    "scaleX": 1,
    "scaleY": 0.14,
    "scaleZ": 1
  },
  "Value": 0,
  "XmlUI": ""
}
