{
  "ColorDiffuse": {
    "b": 0,
    "g": 0.36652,
    "r": 0.70588
  },
  "ContainedObjects_order": [
    "51065.42ed8f",
    "RegresoaElmuseoMiskatonic.bddf58",
    "51021.90361e",
    "51022.6a5f34",
    "51023.1a6bc3",
    "51024.f899d6",
    "51016.9f0ac6",
    "51019.63c0ec",
    "51017.56901c",
    "51018.81606d",
    "51014.5d36a2",
    "RegresoaLacasasiempregana.c26fca",
    "RegresoaActividadextracurricular.b50181",
    "ObservatorioWarren.1cce1e",
    "51028.2c7865",
    "51027.3e2880",
    "51026a.54f52f",
    "Maquinista.6c7f55",
    "RegresoaElEssexCountyExpress.7ce02a",
    "51030.289c30",
    "51029.bb79f4",
    "51063.73f4bc",
    "51064.ebc5a9",
    "51066.c44036",
    "51034.19dde8",
    "51039.85fbf2",
    "51035.df2ca4",
    "51040.c75c8d",
    "51036.5593ee",
    "RegresoaSangreenelaltar.9e07b3",
    "51038.e15a9a",
    "51033.471ae3",
    "51037.51a8c5",
    "51051.01352b",
    "51068.b7b206",
    "51046.d047e8",
    "51069.f1c8cf",
    "51070.6c1e70",
    "RegresoaInvisiblesysindimensión.9033a0",
    "51042.6cdfd8",
    "51043.2a1e3d",
    "51045.029134",
    "51044.eaaaab",
    "NaomiOBannion.ee5ac0",
    "51049.593c67",
    "51048.4c96ad",
    "51067.e99419",
    "51059.6cd2cc",
    "RegresoaDondeaguardalaperdición.c495fb",
    "51050.75fccd",
    "51058.413641",
    "51072.463bd2",
    "51062.7935bf",
    "51071.7f9cc1",
    "51061.c1f0d6",
    "RegresoaPerdidoseneltiempoyelespacio.738384",
    "51056.dbef71",
    "51055.a08154",
    "Reinosdelotrolado.4846d4",
    "51060.c0f61f",
    "02333.649396",
    "Losbordesdeluniverso.ad1764",
    "Desgarroeneltiempo.857800",
    "Yog-Sothoth.542438",
    "Otradimensión.18c33f",
    "Perdidoseneltiempoyelespacio.09d0a3",
    "02326.a07a86",
    "02330.67c863",
    "02332.4a6852",
    "02328.0903d4",
    "02325.ffa505",
    "02329.b3b78f",
    "02331.a827a2",
    "02324.bbbb45",
    "02327.e70a08",
    "02312.0ba713",
    "02313.e62944",
    "02314a.683b7c",
    "02315.9c73bd",
    "02316.b7990c",
    "02317.396b60",
    "02318.3d1aa3",
    "02319.d89124",
    "02256.5c80ab",
    "02255.06162c",
    "Invisiblesysindimensión.468cf9",
    "02258.47d394",
    "02254.4fe91f",
    "02257.b8c568",
    "02094.07c9d4",
    "02259.103fab",
    "02095.703708",
    "02239.46457d",
    "02246.1cd9b7",
    "02247.7e6d6f",
    "02245.cbc7e5",
    "02244.befc28",
    "02253.356e74",
    "02252.a98b18",
    "Card.535f2a",
    "Card.04ed50",
    "02240.0a8543",
    "02241.6bdc4c",
    "02251.e29252",
    "02250.7513e1",
    "02237.dd25a1",
    "02238.755355",
    "02249.d25ae5",
    "02248.0b48a2",
    "02096.a7eada",
    "Piedelacolina.17cae6",
    "CumbredeSentinelHill.8c60f3",
    "Senderoascendente.b3d2f2",
    "SethBishop.e1b179",
    "Dondeaguardalaperdición.6e782a",
    "02294.e4c4c2",
    "02297.8995dc",
    "02295.bd1762",
    "02296.27bd53",
    "02277.a31357",
    "02281.a039b3",
    "02280.167d33",
    "02279.836fa3",
    "02276.cea66e",
    "02275.3e1765",
    "02278.88024e",
    "02288.bece4b",
    "02289.5e71f3",
    "02280.3928e3",
    "02291.f83c98",
    "02292.a78512",
    "02285.fc2a5f",
    "02286.eae54d",
    "02287.b066b0",
    "ZebulonWhateley.6d2234",
    "EarlSawyer.5080be",
    "Sangreenelaltar.4fee8d",
    "Callesdelaaldea.aaa3e7",
    "02223.eddd3f",
    "02220.6cf488",
    "02216.c44401",
    "02215.406fba",
    "02089.5cc2ec",
    "02222.1fa0d0",
    "02088.7baded",
    "02221.b6d4f2",
    "02224.3fbeca",
    "02214.302a25",
    "02196.f51c5c",
    "02197.60f390",
    "02198.218016",
    "02199.dddd13",
    "02200.a6bf1b",
    "02207.5f0702",
    "02204.cf6b4b",
    "02205.a728d7",
    "02202.230635",
    "02209.8a071a",
    "02210.7ffdf6",
    "02211.b3f780",
    "02213.891b08",
    "02203.6fb5d5",
    "02206.b038d5",
    "02208.1f9a93",
    "02212.c53140",
    "PolvodeIbn-Ghazi.c6d2d9",
    "Lacasasiempregana.fc86e9",
    "02103.c8913f",
    "02104.2f966f",
    "Pasilloenpenumbra.fffe9d",
    "02063.69641a",
    "02064.7e7386",
    "02065.b44a1f",
    "02081.db0904",
    "02093.585783",
    "02092.4770c0",
    "02099.9164eb",
    "02097.c7b6e2",
    "02098.30462f",
    "02082.598062",
    "SalóndelCloverClub.aee535",
    "02076.85eecf",
    "02077.a915a8",
    "02075.130d03",
    "BardelCloverClub.66670f",
    "PeterClover.4b96c8",
    "SaladejuegodelCloverClub.3fc240",
    "DrFrancisMorgan.131870",
    "JefedesaladelCloverClub.10420e",
    "LaBellaLuna.09909c",
    "02066.0d5160",
    "02067.eda14e",
    "02068.adc432",
    "02069.e33fd8",
    "02180.cf3a6a",
    "02179.9ec399",
    "02181.4d3b98",
    "02183.43d350",
    "02182.e5860c",
    "02164.4a4434",
    "02163.3bb420",
    "02162.6529d5",
    "02161.07cbc5",
    "02160.f863de",
    "02166.10bad6",
    "02165.600dca",
    "ElEssexCountyExpress.a91d7b",
    "02176.4fb669",
    "02177.bb940e",
    "02175.9f2650",
    "02170.6ae320",
    "02172.1f87d3",
    "02169.5ef0c0",
    "02173.421797",
    "02167.7bb8b8",
    "02174.7ce434",
    "02171.912a8d",
    "Atravésdeltiempoyelespacio.d4493d",
    "02168.c9274c",
    "02128.a963e9",
    "02133.d0de65",
    "02119.12dc67",
    "02120.99810e",
    "02121.a027b7",
    "02129.bacd6e",
    "02130.f2351d",
    "02131.648255",
    "02143.f6fd27",
    "02141.53c102",
    "02146.95914b",
    "02145.1df5c3",
    "02144.c4aa1e",
    "02125.d43c74",
    "02122.40f56f",
    "02123.2f9e4a",
    "02140.ebc3fe",
    "02124.2505f4",
    "AdamLynch.a5ba80",
    "Salasdelmuseo.abdee0",
    "02137.730eef",
    "02134.0322bd",
    "02132.392421",
    "02136.9dc671",
    "02135.6a30a7",
    "Surgidodelassombras.0b847b",
    "ElmuseoMiskatonic.ddbb76",
    "HaroldWalsted.51f286",
    "Entradadelmuseo.30a983",
    "Residenciaestudiantil.8f724f",
    "DrHenryArmitage.e97e11",
    "02045.92ab32",
    "02046.f5d07f",
    "02047.50a4cc",
    "02042.c75fc8",
    "02043.ead9a6",
    "Elexperimento.4a9f87",
    "EdificiodeHumanidades.0604e5",
    "LaboratoriosdeAlquimia.a94bc7",
    "ProfesorWarrenRice.9e6bf6",
    "02054.82e61b",
    "02044.5a6656",
    "Actividadextracurricular.8c6124",
    "PatioprincipaldeMiskatonic.5f19f3",
    "02055.c1d734",
    "JazzMulligan.2fbf8c",
    "Edificiodeadministración.351d0f",
    "Sindicatodeestudiantes.409ca5",
    "EdificiodeCiencias.449667",
    "BibliotecaOrne.79b27d",
    "Pócimaalquímica.767885",
    "02087.770f63",
    "02084.8eda18",
    "02102.8bc13c",
    "02091.cc51e0",
    "02083.031eff",
    "02086.57acce",
    "02090.ad1a6b",
    "02085.a46bb1",
    "02100.d5a735",
    "02101.fe92f0"
  ],
  "ContainedObjects_path": "TDL.79abb4",
  "GUID": "79abb4",
  "Hands": false,
  "HideWhenFaceDown": false,
  "Name": "Bag",
  "Nickname": "TDL",
  "Transform": {
    "scaleX": 1,
    "scaleY": 1,
    "scaleZ": 1
  }
}
