{
  "ColorDiffuse": {
    "b": 1,
    "g": 0.99216,
    "r": 1
  },
  "ContainedObjects_order": [
    "08082.74f2dc",
    "08083.cca7c0",
    "08087.8d3f26",
    "08071.1091d6",
    "08072.874e3d",
    "08073.00c91a",
    "08084.ad08a1",
    "08088.66260c",
    "08089.c09b37",
    "08074.fb8764",
    "08075.bb9600",
    "08084.5df46a",
    "08084.25663b",
    "08090.952147",
    "08060.cd2653",
    "08061.8a11d5",
    "08062.8f99c8",
    "08063.dab2c6",
    "08064.22281c",
    "08065.e8f5f2",
    "08076.1c06fe",
    "08085.b90ac4",
    "08091.7da39a",
    "08092.3754c2",
    "08049.f44d9d",
    "08050.afbd89",
    "08051.0bb72a",
    "08052.56da44",
    "08053.380e60",
    "08054.28583e",
    "08055.ae4319",
    "08066.8884fd",
    "08067.d9f2ba",
    "08077.452a0f",
    "08078.0546b5",
    "08085.ca33c4",
    "08085.223f89",
    "08093.3354db",
    "08094.99260f",
    "08056.e257ec",
    "08057.7a8a08",
    "08068.eb880b",
    "08079.1ec7e8",
    "08086.fe0aa6",
    "08095.4f6b2c",
    "08058.f9d252",
    "08069.2ed43a",
    "08080.a5273c",
    "08086.00ef4a",
    "08070.2e2335",
    "08081.a128b8",
    "08086.8bddb1",
    "08059.09986d",
    "08146.386558",
    "08143.55dcd2",
    "08143.ff2330",
    "08146.7138f0",
    "08137.7425fd",
    "08138.c808f4",
    "08139.a39cf3",
    "08139.248212",
    "08143.0614dc",
    "08144.e9e5b0",
    "08146.b94f7a",
    "08140.7c5dd1",
    "08144.416359",
    "08147.6bfda3",
    "08147.b70d1a",
    "08131.7855d0",
    "08132.dcf972",
    "08132.547d5d",
    "08132.96d0b6",
    "08133.aef9f2",
    "08134.cb2813",
    "08140.e9b6b4",
    "08144.299233",
    "08147.31fc95",
    "08134.8a1e0f",
    "08141.63d187",
    "08145.62a9ec",
    "08147.207f08",
    "08121.dbfc0d",
    "08122.b94dd8",
    "08123.a4dabf",
    "08124.f5422a",
    "08125.2a4b28",
    "08126.f40c2c",
    "08127.966976",
    "08128.4c669e",
    "08135.7c163b",
    "08142.b683bb",
    "08142.7a3fbb",
    "08145.b218ba",
    "08145.c148a3",
    "08129.21b67d",
    "08136.d41f42",
    "08146.cdc451",
    "08130.092043",
    "08137.879c4e",
    "08142.043ebb",
    "08148.a5c484",
    "08156.a1a50f",
    "08156.5aade3",
    "08150.fd1f19",
    "08149.a1d625",
    "08157.e39f7d",
    "08156.41ad4a",
    "08151.966eeb",
    "08157.9023b4",
    "08152.332b0a",
    "08158.e4496e",
    "08157.604d25",
    "08154.9cf592",
    "08153.1ea1cb",
    "08158.b0c08d",
    "08158.4359eb",
    "08155.802fbb",
    "08155.565234",
    "08015.abf438",
    "08014.14b8c8",
    "08017.464fb5",
    "08013.c38ba2",
    "08017.98bd67",
    "08012.3fdfaa",
    "08016.80c5da",
    "08011.861b51",
    "08016.d56851",
    "08010.d83755",
    "08015.2abfd1",
    "08015.5ce9d1",
    "08009.7dbc18",
    "08001.fec0cc",
    "08002.8ae6f4",
    "08003.8f9cf3",
    "08004.3d8656",
    "08005.b51006",
    "08006.5b5ca4",
    "08007.e44d9d",
    "08008.52072a",
    "08200.2d2539",
    "08202.5ef332",
    "08202.1ce9a6",
    "08201.3bfc5d",
    "08201.85c667",
    "08200.6189f2",
    "08226.ca3a35",
    "08223.094912",
    "08223.604de1",
    "08223.07b74e",
    "08226.ef0e98",
    "08227.7dd5f0",
    "08224.64171f",
    "08224.d21d29",
    "08227.e66fdc",
    "08228.7237a3",
    "08224.e4a1ad",
    "08225.66eb94",
    "08228.705f8d",
    "08229.0b30c5",
    "08225.d72977",
    "08229.ce1d7b",
    "08212.92a66b",
    "08212.ed3d03",
    "08213.b3fec2",
    "08213.d23098",
    "08213.60e22e",
    "08210.67197e",
    "08210.7d64bf",
    "08211.727129",
    "08208.0179d9",
    "08209.e7fe57",
    "08208.4d0196",
    "08209.270397",
    "08203.c7383a",
    "08205.2088ef",
    "08205.4b7f12",
    "08204.5a0ac3",
    "08204.84de65",
    "08203.97b5d5",
    "08206.faff9c",
    "08206.81e167",
    "08207.6aa463",
    "08207.a32bf3",
    "08189.d3b048",
    "08189.adc364",
    "08189.9f6e1f",
    "08190.636b83",
    "08190.51b280",
    "08191.3ebefb",
    "08191.e41606",
    "08033.1b2b34",
    "08041.8f68bd",
    "08042.4c55fe",
    "08043.696a18",
    "08023.6ab0d8",
    "08034.9f33db",
    "08035.96dfec",
    "08036.5b815a",
    "08037.b8bbed",
    "08024.472f00",
    "08038.4e6cb0",
    "08025.1d5fd6",
    "08027.8581cf",
    "08028.97c1f4",
    "08029.ff82bb",
    "08030.0d6bad",
    "08031.d08732",
    "08032.934b99",
    "08039.439bcf",
    "08026.c69101",
    "08040.197df9",
    "08199.e1f37a",
    "08198.0249eb",
    "08199.b64645",
    "08198.710f12",
    "08198.17d500",
    "08216.8eed87",
    "08219.b0c521",
    "08222.27b6d5",
    "08218.73843e",
    "08221.102a63",
    "08215.50ef48",
    "08214.cd0d0b",
    "08217.eaef75",
    "08220.74ea20",
    "08180.47e17e",
    "08179.a03cc9",
    "08179.f7e968",
    "08181.5b8324",
    "08179.1b77da",
    "08182.999ae5",
    "08179.13b5f5",
    "08183.8def28",
    "08179.339ca5",
    "08179.1add37",
    "08179.0912ef",
    "08179.bc2b84",
    "08179.1e12ac",
    "08179.312cd0",
    "08184.7a6b45",
    "08179.281ad8",
    "08179.5b84f7",
    "08185.e57644",
    "08179.4f0580",
    "08179.2ca387",
    "08186.5b8525",
    "08179.2184a3",
    "08180.305596",
    "08171.b31f16",
    "08172.059cd9",
    "08173.c0ec4e",
    "08174.ee9b9c",
    "08175.f3e893",
    "08176.9d7087",
    "08177.c60faf",
    "08178.87e717",
    "08047.ddb1d7",
    "08048.5777b5",
    "08046.f01e42",
    "08047.851ed5",
    "08047.f4ffff",
    "08048.e8db8e",
    "08044.1992f4",
    "08045.cef2c8",
    "08047.453200",
    "08236.62a35b",
    "08233.376755",
    "08234.4f7ea0",
    "08237.ee30a7",
    "08235.aa595b",
    "08238.7a9d9e",
    "08230.3e9f75",
    "08231.2707d4",
    "08232.cd0bfa",
    "08021.c3e363",
    "08018.0048a1",
    "08019.faf400",
    "08022.624e7f",
    "08020.6c24a8",
    "08169.8b9929",
    "08169.cdc519",
    "08163.e969ea",
    "08162.40f54b",
    "08161.74c698",
    "08170.4c1fa8",
    "08168.92d2f4",
    "08167.10eb82",
    "08160.1525fd",
    "08166.84b60c",
    "08159.23cb00",
    "08165.dcd928",
    "08164.9680e7",
    "08170.9794a4",
    "08187.dde8c3",
    "08187.8dbce6",
    "08188.36c76b",
    "08188.8d3f80",
    "08195.955628",
    "08197.e0af23",
    "08197.ee7366",
    "08196.18573f",
    "08196.47c1ad",
    "08195.4da533",
    "08192.ee8ecb",
    "08192.4e366e",
    "08193.76e1da",
    "08193.c1ec99",
    "08194.a567ec",
    "08194.62340c",
    "08114.61507c",
    "08096.78ddb7",
    "08097.a4596a",
    "08098.50d4a9",
    "08099.722dff",
    "08100.c33100",
    "08101.f73f14",
    "08102.c241b9",
    "08103.2098ab",
    "08104.b1ee8a",
    "08105.7739ef",
    "08106.ffcf65",
    "08107.bb739c",
    "08108.8b8d8c",
    "08109.a2cce5",
    "08109.7bcece",
    "08109.12e459",
    "08110.ef0978",
    "08110.2e3446",
    "08110.392dd6",
    "08111.0b003d",
    "08111.a9d606",
    "08112.116103",
    "08112.ed3ef6",
    "08112.87242a",
    "08113.0c4841",
    "08113.3f24a9",
    "08113.b5e247",
    "08115.bd8891",
    "08116.990139",
    "08117.fb48af",
    "08118.2fb1e9",
    "08119.199f1d",
    "08120.b3674f"
  ],
  "ContainedObjects_path": "AmRandederWelt.f4f47a",
    "CustomMesh": {
    "ColliderURL": "https://steamusercontent-a.akamaihd.net/ugc/62583916778515251/E1C8E8EDBCFEDCB529D88539FD89104537DE3584/",
    "CustomShader": {
      "FresnelStrength": 0,
      "SpecularColor": {
        "b": 1,
        "g": 1,
        "r": 1
      },
      "SpecularIntensity": 0,
      "SpecularSharpness": 2
    },
    "DiffuseURL": "https://steamusercontent-a.akamaihd.net/ugc/1856042908471857208/3B48FFA47FB366932049AD9CD8A3222A8F89FAEB/",
    "MaterialIndex": 3,
    "MeshURL": "https://steamusercontent-a.akamaihd.net/ugc/62583916778515295/AFB8F257CE1E4973F4C06160A2E156C147AEE1E3/",
    "TypeIndex": 6
  },
  "GUID": "f4f47a",
  "Hands": false,
  "HideWhenFaceDown": false,
  "Name": "Custom_Model_Bag",
  "Nickname": "Am Rande der Welt",
  "Transform": {
    "posX": 56.819,
    "posY": 4.348,
    "posZ": -58.019,
    "rotX": 0,
    "rotY": 90,
    "rotZ": 0,
    "scaleX": 3.1,
    "scaleY": 3.1,
    "scaleZ": 3.1
  }
}
