{
  "ColorDiffuse": {
    "b": 1,
    "g": 0.99216,
    "r": 1
  },
  "ContainedObjects_order": [
    "08582.74f2dc",
    "08583.cca7c0",
    "08587.8d3f26",
    "08571.1091d6",
    "08572.874e3d",
    "08573.00c91a",
    "08584.ad08a1",
    "08588.66260c",
    "08589.c09b37",
    "08574.fb8764",
    "08575.bb9600",
    "08584.5df46a",
    "08584.25663b",
    "08590.952147",
    "08560.cd2653",
    "08561.8a11d5",
    "08562.8f99c8",
    "08563.dab2c6",
    "08564.22281c",
    "08565.e8f5f2",
    "08576.1c06fe",
    "08585.b90ac4",
    "08591.7da39a",
    "08592.3754c2",
    "08549.f44d9d",
    "08550.afbd89",
    "08551.0bb72a",
    "08552.56da44",
    "08553.380e60",
    "08554.28583e",
    "08555.ae4319",
    "08566.8884fd",
    "08567.d9f2ba",
    "08577.452a0f",
    "08578.0546b5",
    "08585.ca33c4",
    "08585.223f89",
    "08593.3354db",
    "08594.99260f",
    "08556.e257ec",
    "08557.7a8a08",
    "08568.eb880b",
    "08579.1ec7e8",
    "08586.fe0aa6",
    "08595.4f6b2c",
    "08558.f9d252",
    "08569.2ed43a",
    "08580.a5273c",
    "08586.00ef4a",
    "08570.2e2335",
    "08581.a128b8",
    "08586.8bddb1",
    "08559.09986d",
    "08646.386558",
    "08643.55dcd2",
    "08643.ff2330",
    "08646.7138f0",
    "08637.7425fd",
    "08638.c808f4",
    "08639.a39cf3",
    "08639.248212",
    "08643.0614dc",
    "08644.e9e5b0",
    "08646.b94f7a",
    "08640.7c5dd1",
    "08644.416359",
    "08647.6bfda3",
    "08647.b70d1a",
    "08631.7855d0",
    "08632.dcf972",
    "08632.547d5d",
    "08632.96d0b6",
    "08633.aef9f2",
    "08634.cb2813",
    "08640.e9b6b4",
    "08644.299233",
    "08647.31fc95",
    "08634.8a1e0f",
    "08641.63d187",
    "08645.62a9ec",
    "08647.207f08",
    "08621.dbfc0d",
    "08622.b94dd8",
    "08623.a4dabf",
    "08624.f5422a",
    "08625.2a4b28",
    "08626.f40c2c",
    "08627.966976",
    "08628.4c669e",
    "08635.7c163b",
    "08642.b683bb",
    "08642.7a3fbb",
    "08645.b218ba",
    "08645.c148a3",
    "08629.21b67d",
    "08636.d41f42",
    "08646.cdc451",
    "08630.092043",
    "08637.879c4e",
    "08642.043ebb",
    "08648.a5c484",
    "08656.a1a50f",
    "08656.5aade3",
    "08650.fd1f19",
    "08649.a1d625",
    "08657.e39f7d",
    "08656.41ad4a",
    "08651.966eeb",
    "08657.9023b4",
    "08652.332b0a",
    "08658.e4496e",
    "08657.604d25",
    "08654.9cf592",
    "08653.1ea1cb",
    "08658.b0c08d",
    "08658.4359eb",
    "08655.802fbb",
    "08655.565234",
    "08515.abf438",
    "08514.14b8c8",
    "08517.464fb5",
    "08513.c38ba2",
    "08517.98bd67",
    "08512.3fdfaa",
    "08516.80c5da",
    "08511.861b51",
    "08516.d56851",
    "08510.d83755",
    "08515.2abfd1",
    "08515.5ce9d1",
    "08509.7dbc18",
    "08501.fec0cc",
    "08502.8ae6f4",
    "08503.8f9cf3",
    "08504.3d8656",
    "08505.b51006",
    "08506.5b5ca4",
    "08507.e44d9d",
    "08508.52072a",
    "08700.2d2539",
    "08702.5ef332",
    "08702.1ce9a6",
    "08701.3bfc5d",
    "08701.85c667",
    "08700.6189f2",
    "08726.ca3a35",
    "08723.094912",
    "08723.604de1",
    "08723.07b74e",
    "08726.ef0e98",
    "08727.7dd5f0",
    "08724.64171f",
    "08724.d21d29",
    "08727.e66fdc",
    "08728.7237a3",
    "08724.e4a1ad",
    "08725.66eb94",
    "08728.705f8d",
    "08729.0b30c5",
    "08725.d72977",
    "08729.ce1d7b",
    "08712.92a66b",
    "08712.ed3d03",
    "08713.b3fec2",
    "08713.d23098",
    "08713.60e22e",
    "08710.67197e",
    "08710.7d64bf",
    "08711.727129",
    "08708.0179d9",
    "08709.e7fe57",
    "08708.4d0196",
    "08709.270397",
    "08703.c7383a",
    "08705.2088ef",
    "08705.4b7f12",
    "08704.5a0ac3",
    "08704.84de65",
    "08703.97b5d5",
    "08706.faff9c",
    "08706.81e167",
    "08707.6aa463",
    "08707.a32bf3",
    "08689.d3b048",
    "08689.adc364",
    "08689.9f6e1f",
    "08690.636b83",
    "08690.51b280",
    "08691.3ebefb",
    "08691.e41606",
    "08533.1b2b34",
    "08541.8f68bd",
    "08542.4c55fe",
    "08543.696a18",
    "08523.6ab0d8",
    "08534.9f33db",
    "08535.96dfec",
    "08536.5b815a",
    "08537.b8bbed",
    "08524.472f00",
    "08538.4e6cb0",
    "08525.1d5fd6",
    "08527.8581cf",
    "08528.97c1f4",
    "08529.ff82bb",
    "08530.0d6bad",
    "08531.d08732",
    "08532.934b99",
    "08539.439bcf",
    "08526.c69101",
    "08540.197df9",
    "08699.e1f37a",
    "08698.0249eb",
    "08699.b64645",
    "08698.710f12",
    "08698.17d500",
    "08716.8eed87",
    "08719.b0c521",
    "08722.27b6d5",
    "08718.73843e",
    "08721.102a63",
    "08715.50ef48",
    "08714.cd0d0b",
    "08717.eaef75",
    "08720.74ea20",
    "08680.47e17e",
    "08679.a03cc9",
    "08679.f7e968",
    "08681.5b8324",
    "08679.1b77da",
    "08682.999ae5",
    "08679.13b5f5",
    "08683.8def28",
    "08679.339ca5",
    "08679.1add37",
    "08679.0912ef",
    "08679.bc2b84",
    "08679.1e12ac",
    "08679.312cd0",
    "08684.7a6b45",
    "08679.281ad8",
    "08679.5b84f7",
    "08685.e57644",
    "08679.4f0580",
    "08679.2ca387",
    "08686.5b8525",
    "08679.2184a3",
    "08680.305596",
    "08671.b31f16",
    "08672.059cd9",
    "08673.c0ec4e",
    "08674.ee9b9c",
    "08675.f3e893",
    "08676.9d7087",
    "08677.c60faf",
    "08678.87e717",
    "08547.ddb1d7",
    "08548.5777b5",
    "08546.f01e42",
    "08547.851ed5",
    "08547.f4ffff",
    "08548.e8db8e",
    "08544.1992f4",
    "08545.cef2c8",
    "08547.453200",
    "08736.62a35b",
    "08733.376755",
    "08734.4f7ea0",
    "08737.ee30a7",
    "08735.aa595b",
    "08738.7a9d9e",
    "08730.3e9f75",
    "08731.2707d4",
    "08732.cd0bfa",
    "08521.c3e363",
    "08518.0048a1",
    "08519.faf400",
    "08522.624e7f",
    "08520.6c24a8",
    "08669.8b9929",
    "08669.cdc519",
    "08663.e969ea",
    "08662.40f54b",
    "08661.74c698",
    "08670.4c1fa8",
    "08668.92d2f4",
    "08667.10eb82",
    "08660.1525fd",
    "08666.84b60c",
    "08659.23cb00",
    "08665.dcd928",
    "08664.9680e7",
    "08670.9794a4",
    "08687.dde8c3",
    "08687.8dbce6",
    "08688.36c76b",
    "08688.8d3f80",
    "08695.955628",
    "08697.e0af23",
    "08697.ee7366",
    "08696.18573f",
    "08696.47c1ad",
    "08695.4da533",
    "08692.ee8ecb",
    "08692.4e366e",
    "08693.76e1da",
    "08693.c1ec99",
    "08694.a567ec",
    "08694.62340c",
    "08614.61507c",
    "08596.78ddb7",
    "08597.a4596a",
    "08598.50d4a9",
    "08599.722dff",
    "08600.c33100",
    "08601.f73f14",
    "08602.c241b9",
    "08603.2098ab",
    "08604.b1ee8a",
    "08605.7739ef",
    "08606.ffcf65",
    "08607.bb739c",
    "08608.8b8d8c",
    "08609.a2cce5",
    "08609.7bcece",
    "08609.12e459",
    "08610.ef0978",
    "08610.2e3446",
    "08610.392dd6",
    "08611.0b003d",
    "08611.a9d606",
    "08612.116103",
    "08612.ed3ef6",
    "08612.87242a",
    "08613.0c4841",
    "08613.3f24a9",
    "08613.b5e247",
    "08615.bd8891",
    "08616.990139",
    "08617.fb48af",
    "08618.2fb1e9",
    "08619.199f1d",
    "08620.b3674f"
  ],
  "ContainedObjects_path": "AmRandederWelt.f4f47a",
  "CustomMesh": {
    "ColliderURL": "https://steamusercontent-a.akamaihd.net/ugc/62583916778515251/E1C8E8EDBCFEDCB529D88539FD89104537DE3584/",
    "CustomShader": {
      "FresnelStrength": 0,
      "SpecularColor": {
        "b": 1,
        "g": 1,
        "r": 1
      },
      "SpecularIntensity": 0,
      "SpecularSharpness": 2
    },
    "DiffuseURL": "https://steamusercontent-a.akamaihd.net/ugc/1856042908471857208/3B48FFA47FB366932049AD9CD8A3222A8F89FAEB/",
    "MaterialIndex": 3,
    "MeshURL": "https://steamusercontent-a.akamaihd.net/ugc/62583916778515295/AFB8F257CE1E4973F4C06160A2E156C147AEE1E3/",
    "TypeIndex": 6
  },
  "GUID": "f4f47a",
  "Hands": false,
  "HideWhenFaceDown": false,
  "Name": "Custom_Model_Bag",
  "Nickname": "Am Rande der Welt",
  "Transform": {
    "posX": 56.819,
    "posY": 4.348,
    "posZ": -58.019,
    "rotX": 0,
    "rotY": 90,
    "rotZ": 0,
    "scaleX": 3.1,
    "scaleY": 3.1,
    "scaleZ": 3.1
  }
}
