{
  "Bag": {
    "Order": 0
  },
  "ColorDiffuse": {
    "b": 1,
    "g": 1,
    "r": 1
  },
  "ContainedObjects_order": [
    "04280.a7ef64",
    "04078.36a3ea",
    "04301.865db2",
    "04279.9937ab",
    "04295.d563b2",
    "04322.49cf24",
    "04148.861d25",
    "04315.a3bb05",
    "04124.c86ad8",
    "04163.063606",
    "04183.e76dfd",
    "04177.819fc9",
    "04119.e933bd",
    "04147.0da96c",
    "04077.e08524",
    "04243.801c0c",
    "04140.ca066f",
    "04092.0ea04d",
    "04167.222b0a",
    "04078.f27498",
    "04244.3083da",
    "04055.789e7d",
    "04085.d18b5d",
    "04297.b44b87",
    "04051.ec6fe6",
    "04086.94ba25",
    "04071.e3570c",
    "04129.60637a",
    "04098.47fc7c",
    "04073.97b25e",
    "04282.ddfcb6",
    "04123.dfebf3",
    "04164.79d08e",
    "04212.ce3e95",
    "04334.a952c9",
    "04066.9f75b2",
    "04244.70c003",
    "04099.e8c060",
    "04146.597f49",
    "04122.da877a",
    "04046.2bdff9",
    "04327.aa83ba",
    "04080.303f59",
    "04145.d35449",
    "04253.883fb1",
    "04083.a5a84e",
    "04345.7b3e19",
    "04242.8638c0",
    "04161.3c8815",
    "04174.e5064a",
    "04117.cd0566",
    "04093.cead38",
    "04221.014d46",
    "04131.9aed1d",
    "04079.d9508c",
    "04290.fb37b8",
    "04331.2f74be",
    "04143.15a94e",
    "04087.f9e74a",
    "04043.2a5316",
    "04086.7aeab4",
    "04132.280e1a",
    "04252.daea42",
    "04346.a31994",
    "04052.db5bf8",
    "04050.7f1f26",
    "04188.b49cc8",
    "04102.d30b72",
    "04076.b76c43",
    "04078.9ace57",
    "04169.83303e",
    "04214.220129",
    "04097.137470",
    "04216.5902d9",
    "04341.4d8ab5",
    "04073.1f11e0",
    "04171.63b50d",
    "04248.277a2e",
    "04316.004e11",
    "04210.1f8421",
    "04048.f0732b",
    "04094.79d238",
    "04080.8858fb",
    "04099.5e424c",
    "04182.007a81",
    "04101.9e1762",
    "04170.af6de0",
    "04120.f4a594",
    "04176.fe469d",
    "04217.4b9d29",
    "04341.2cf39f",
    "04324.5fae1a",
    "04095.e47405",
    "04162.9b8ca6",
    "04335.873646",
    "04044.3f28fb",
    "04257.b60d79",
    "04220.ba36fa",
    "04089.99c270",
    "04260.4665ca",
    "04144.e1bcc8",
    "04100.56bdbe",
    "04074.873654",
    "04261.0838f7",
    "04083.df1504",
    "04250.a9b5df",
    "04079.3459b1",
    "04291.071cd9",
    "04180.27b5fc",
    "04071.fcddd1",
    "04283.33d335",
    "04184.44f595",
    "04144.f61958",
    "04061.30bf16",
    "04093.aa60f2",
    "04254.43f5d2",
    "04239.3ae276",
    "04241.f45812",
    "04077.9a12f0",
    "04325.cc6ed1",
    "04087.9c6ada",
    "04186.1cc92f",
    "04113.b32a41",
    "04218.5f875f",
    "04287.4ea9ff",
    "04303.d02b0f",
    "04047.0a9acf",
    "04286.ae68fe",
    "04209.b148d8",
    "04084.b3ef19",
    "04299.8217b8",
    "04332.a461b3",
    "04082.ca5e82",
    "04090.f0e2e5",
    "04288.29111e",
    "04314.322ccb",
    "04081.4feafa",
    "04302.b72d7a",
    "04098.64c8b1",
    "04089.670007",
    "04258.9187f8",
    "04216.e836ef",
    "04300.aab7e5",
    "04137.bb59d0",
    "04262.4fabd9",
    "04323.9e0dcd",
    "04074.91d934",
    "04219.1ef5af",
    "04289.5f3ae9",
    "04189.e631aa",
    "04338.752390",
    "04259.9336b8",
    "04321.787a06",
    "04065.0503dc",
    "04190.e701fc",
    "04049.b202f1",
    "04168.bdfb89",
    "04062.45dcd7",
    "04085.a72fc2",
    "04299.0c4e23",
    "04128.391761",
    "04096.7c9891",
    "04138.5888a3",
    "04057.37fadc",
    "04187.a0c228",
    "04261.ba8456",
    "04277.bb1a00",
    "04190.87f16d",
    "04068.4333b5",
    "04339.f2620d",
    "04088.dc8560",
    "04281.b8019b",
    "04245.cfa5e4",
    "04142.0e8ab3",
    "04341.7d6af0",
    "04166.5fe391",
    "04133.f99aab",
    "04121.338020",
    "04135.10cecf",
    "04097.7d5e46",
    "04246.7b168c",
    "04172.21499e",
    "04127.7ab4b8",
    "04053.14cde7",
    "04178.52673b",
    "04292.4cae72",
    "04080.3987f5",
    "04284.3ebcb9",
    "04071.820a9d",
    "04263.214b18",
    "04298.045683",
    "04075.3c37ed",
    "04340.8d8cb7",
    "04293.a3df8d",
    "04136.074b00",
    "04075.35e2d9",
    "04259.28d588",
    "04336.c39580",
    "04179.ea884d",
    "04264.4eac06",
    "04227.c1d798",
    "04259.ba532f",
    "04083.c62a3a",
    "04301.7ab8c0",
    "04076.890d34",
    "04126.29c6e9",
    "04320.c9b06e",
    "04118.410c58",
    "04125.efcab4",
    "04244.b57b3f",
    "04224.9db178",
    "04225.958d42",
    "04297.1af6e9",
    "04261.d4eba2",
    "04101.e57c19",
    "04115.8c87e2",
    "04188.72c9fb",
    "04237.900453",
    "04333.79df25",
    "04141.fb11db",
    "04299.13741e",
    "04075.e842ce",
    "04220.47fac0",
    "04146.d6a50d",
    "04240.8296f1",
    "04078.cf9839",
    "04091.40bea9",
    "04116.e11e4d",
    "04342.1204b1",
    "04189.ecc64b",
    "04173.e11608",
    "04340.338bc3",
    "04338.c02127",
    "04264.fb19a9",
    "04264.ae3b0d",
    "04207.dcda61",
    "04329.4de808",
    "04081.b0bb3c",
    "04221.f81eb8",
    "04077.9f12f7",
    "04064.8fd326",
    "04222.20771c",
    "04056.4688bb",
    "04257.b57250",
    "04145.65ba13",
    "04228.6dc927",
    "04067.d4a3af",
    "04072.633304",
    "04249.1f7351",
    "04300.c64a1c",
    "04094.82b591",
    "04045.836d36",
    "04215.e33829",
    "04102.f578cc",
    "04114.56e96a",
    "04215.066631",
    "04090.be0ce9",
    "04185.473e1c",
    "04337.5249c6",
    "04094.e5af3f",
    "04216.6724cf",
    "04318.0850da",
    "04077.4d8976",
    "04264.917970",
    "04247.2da142",
    "04081.202a0c",
    "04058.8aede9",
    "04263.c953d9",
    "04213.c7dbfa",
    "04330.e9ff00",
    "04221.6bf48d",
    "04076.42ad20",
    "04328.bd0547",
    "04080.94bc98",
    "04260.4b6fca",
    "04297.880fe4",
    "04102.998003",
    "04074.886aa7",
    "04326.1186b6",
    "04144.d35593",
    "04075.cedac7",
    "04189.0bf9a0",
    "04226.7c3158",
    "04165.63026c",
    "04082.8c6549",
    "04301.e74d2a",
    "04262.504383",
    "04134.41452f",
    "04090.1f7c6f",
    "04302.5ccf52",
    "04343.1fa9dc",
    "04076.a2629e",
    "04091.86816d",
    "04088.05d52b",
    "04205.b2cffc",
    "04317.7c75a4",
    "04175.bcf007",
    "04130.8caa21",
    "04285.44487c",
    "04190.a397ae",
    "04347.cb439b",
    "04059.a93fa0",
    "04211.a90e6f",
    "04339.b38f47",
    "04063.e1a0b6",
    "04342.0f3a5f",
    "04251.992778",
    "04244.5a144e",
    "04319.522a75",
    "04095.c1dd20",
    "04255.7228f7",
    "04278.30547c",
    "04258.505245",
    "04228.fc9174",
    "04102.f7fc3f",
    "04139.8dd851",
    "04092.363bdb",
    "04069.d78598",
    "04296.c2a4d6",
    "04096.664ce1",
    "04344.fb1845",
    "04070.151b99",
    "04191.bc4941",
    "04215.848170",
    "04260.691ac8",
    "04072.49488a",
    "04073.abd9db",
    "04078.5a77a4",
    "04228.70c8f2",
    "04054.7f709d",
    "04223.59d53f",
    "04238.9c0a7e",
    "04294.b34ab6",
    "04060.85ab67",
    "04206.96decc",
    "04181.941c1d",
    "04208.90d996",
    "04219.b006ff",
    "04300.569430",
    "04078.6e8b21",
    "04071.67d1d0",
    "04256.f8fcc6",
    "04088.10d773",
    "04076.a88fbe"
  ],
  "ContainedObjects_path": "DasvergesseneZeitalter.37ba62",
  "CustomMesh": {
    "CastShadows": true,
    "ColliderURL": "https://steamusercontent-a.akamaihd.net/ugc/1830153464725326654/AFB8F257CE1E4973F4C06160A2E156C147AEE1E3/",
    "Convex": true,
    "CustomShader": {
      "FresnelStrength": 0,
      "SpecularColor": {
        "b": 1,
        "g": 1,
        "r": 1
      },
      "SpecularIntensity": 0,
      "SpecularSharpness": 2
    },
    "DiffuseURL": "https://steamusercontent-a.akamaihd.net/ugc/1830153464725325199/89CE045C4314ADAFA8970886F26B95E458C713C0/",
    "MaterialIndex": 3,
    "MeshURL": "https://steamusercontent-a.akamaihd.net/ugc/1830153464725326654/AFB8F257CE1E4973F4C06160A2E156C147AEE1E3/",
    "NormalURL": "",
    "TypeIndex": 6
  },
  "GMNotes": "",
  "GUID": "37ba62",
  "Hands": false,
  "HideWhenFaceDown": false,
  "MaterialIndex": -1,
  "MeshIndex": -1,
  "Name": "Custom_Model_Bag",
  "Nickname": "Das vergessene Zeitalter",