{
  "Bag": {
    "Order": 0
  },
  "ColorDiffuse": {
    "b": 1,
    "g": 1,
    "r": 1
  },
  "ContainedObjects_order": [
    "02319.e9bdac",
    "02315.18686b",
    "02324.2e8c42",
    "02325.0dbae3",
    "02316.962071",
    "02314.ecb2e3",
    "02329.fde4d7",
    "02317.127cdf",
    "02324.f468c9",
    "02331.f689e1",
    "02321.2546cc",
    "02324.3366bb",
    "02325.3f8cad",
    "02326.1c03c3",
    "02313.1d8370",
    "02324.d34b22",
    "02333.2ea534",
    "02332.a68624",
    "02328.a62080",
    "02331.610eeb",
    "02322.28610a",
    "02311.1e8bdf",
    "02312.469412",
    "02323.abf5e2",
    "02330.b8e502",
    "02318.6e598e",
    "02326.973ff0",
    "02331.2f67c7",
    "02327.9d4a76",
    "02320.47d6c1",
    "02274.953036",
    "02286.491801",
    "02287.0dc71e",
    "02295.1674a0",
    "02296.baf088",
    "02275.c33894",
    "02276.3f3fa2",
    "02277.393624",
    "02278.12a271",
    "02285.d8526e",
    "02288.099ad7",
    "02289.3e9858",
    "02297.86e9ee",
    "02279.b45cfa",
    "02280.5efdd0",
    "02290.651a63",
    "02291.3fa326",
    "02297.003638",
    "02281.e640ca",
    "02292.7d6e8c",
    "02298.336ca8",
    "02282.87ed46",
    "02293.8b5107",
    "02294.51646a",
    "02283.aadb2e",
    "02284.9c8d4d",
    "02256.27261a",
    "02254.41c635",
    "02246.dcf4fa",
    "02247.4650c8",
    "02248.a22adc",
    "02249.10cb24",
    "02255.e7f512",
    "02257.70faa5",
    "02250.9111c3",
    "02258.a6a41e",
    "02236.d4b269",
    "02237.e0fa83",
    "02238.32aec7",
    "02239.21499c",
    "02240.151035",
    "02241.3bbdf0",
    "02251.b74a9d",
    "02255.5b1bb9",
    "02258.4fbc07",
    "02242.9453dd",
    "02252.a37171",
    "02255.45a62e",
    "02253.b61d4a",
    "02256.3265b0",
    "02243.175f33",
    "02256.04ff5c",
    "02254.2ec30d",
    "02244.2bcedd",
    "02256.2c0257",
    "02245.3a9f19",
    "02259.78a5e6",
    "02221.50bcec",
    "02214.1f5bbe",
    "02221.93d338",
    "02213.dd030e",
    "02203.1825a1",
    "02224.0490b6",
    "02220.cda422",
    "02212.c4e77b",
    "02211.ba362e",
    "02202.a9fd95",
    "02201.c1e2e1",
    "02200.995e29",
    "02199.5487c2",
    "02198.0ee2db",
    "02197.7f23cb",
    "02196.fb0df1",
    "02195.3acf3b",
    "02224.f72236",
    "02220.38dbc1",
    "02219.f2b198",
    "02210.116e24",
    "02209.d14c42",
    "02218.af899d",
    "02208.f9107b",
    "02207.5b89ae",
    "02206.b7b41e",
    "02205.895da8",
    "02223.dbf0e8",
    "02217.f6a44b",
    "02216.1cb55f",
    "02215.50bbb0",
    "02222.e48e90",
    "02204.710419",
    "02180.9866d2",
    "02177.b716a1",
    "02178.ca81f9",
    "02180.366dea",
    "02181.6b0b0d",
    "02168.54c77e",
    "02169.8b484e",
    "02170.d5014f",
    "02171.a39e0b",
    "02181.8274e8",
    "02172.2f5482",
    "02181.d03ef0",
    "02162.568328",
    "02163.529090",
    "02164.19e6e5",
    "02173.bd747f",
    "02179.a94311",
    "02182.3dd2ee",
    "02160.141dcb",
    "02161.b0dade",
    "02159.e5fe35",
    "02174.225679",
    "02165.37d303",
    "02183.3c0bea",
    "02175.69aab8",
    "02179.fe3c9c",
    "02166.402140",
    "02180.1ad8ea",
    "02176.b6c3f7",
    "02167.9a464f",
    "02144.238b0f",
    "02118.4659b2",
    "02119.033354",
    "02120.9ffd67",
    "02121.9a0be3",
    "02122.9bca89",
    "02123.57d48e",
    "02124.54b964",
    "02125.5cf873",
    "02126.58ab1c",
    "02127.9b7283",
    "02128.5128d9",
    "02129.ebd9be",
    "02130.b9835a",
    "02131.8ebbf3",
    "02132.a12bb6",
    "02133.32acef",
    "02134.644993",
    "2135.9cf831",
    "02136.bb319f",
    "02137.352064",
    "02138.777cbb",
    "02139.ad7d98",
    "02140.b254e3",
    "02141.f7eb58",
    "02142.34c965",
    "02143.c2f67a",
    "02144.e45963",
    "02145.b8eaa6",
    "02146.f9167e",
    "02078.665b4b",
    "02070.0aaf81",
    "02071.17ad7e",
    "02079.c842d0",
    "02072.8d649e",
    "02073.cd60f0",
    "02080.e4b944",
    "02062.b116a4",
    "02063.82daa2",
    "02064.f66973",
    "02065.690a55",
    "02066.ab9c38",
    "02074.b57ded",
    "02081.e4ec85",
    "02081.1952d4",
    "02067.5d93d9",
    "02075.19e71c",
    "02082.86201c",
    "02068.cc277d",
    "02076.f2eccf",
    "02082.ef7ea3",
    "02069.8decf6",
    "02077.f92d43",
    "02051.ea92c4",
    "02050.16b028",
    "02049.bb17ef",
    "02048.e32682",
    "02041.407122",
    "02060.900ab0",
    "02052.451e04",
    "02047.417729",
    "02059.d9d515",
    "02058.dca8d1",
    "02046.4959d9",
    "02045.5ab2fd",
    "02057.ed8d1b",
    "02056.81ac6e",
    "02055.4c282b",
    "02054.eae258",
    "02044.8c49ad",
    "02061.e520b7",
    "02043.47b2f1",
    "02042.ef1080",
    "02053.4b6678",
    "02068.7038c4",
    "02069.c92c9f",
    "51070.cf09f4",
    "51071.c4cc7c",
    "51072.46e5c7",
    "02090.30b9e3",
    "02091.d08fc6",
    "02083.86edc1",
    "02084.43a7bd",
    "02064.e47319",
    "02066.d3d47c",
    "02067.bd8ed6",
    "02092.3c4e0d",
    "02093.7a3237",
    "02097.9a4ca3",
    "02098.0a6828",
    "02099.87baa5",
    "02061.e8c9f9",
    "02062.6df8aa",
    "02063.7d238e",
    "02103.a84c66",
    "02104.a1d7b7",
    "02065.7e28f8",
    "02100.247c98",
    "02101.cd0b5c",
    "02102.712f2e",
    "02088.9dd7e6",
    "02089.13fcd8",
    "02085.341495",
    "02086.18a753",
    "02087.918869",
    "02094.73cb0a",
    "02095.e06e3a",
    "02096.6fb5f2",
    "02040.458f6a"
  ],
  "ContainedObjects_path": "DasVermchtnisvonDunwich.3b7aa9",
  "CustomMesh": {
    "CastShadows": true,
    "ColliderURL": "https://steamusercontent-a.akamaihd.net/ugc/1830153464725326654/AFB8F257CE1E4973F4C06160A2E156C147AEE1E3/",
    "Convex": true,
    "CustomShader": {
      "FresnelStrength": 0,
      "SpecularColor": {
        "b": 1,
        "g": 1,
        "r": 1
      },
      "SpecularIntensity": 0,
      "SpecularSharpness": 2
    },
    "DiffuseURL": "https://steamusercontent-a.akamaihd.net/ugc/1830153464725325353/FA2F5DB88234FC3C4223AC3F27442810AC6A0574/",
    "MaterialIndex": 3,
    "MeshURL": "https://steamusercontent-a.akamaihd.net/ugc/1830153464725326654/AFB8F257CE1E4973F4C06160A2E156C147AEE1E3/",
    "NormalURL": "",
    "TypeIndex": 6
  },
  "GUID": "3b7aa9",
  "Hands": false,
  "HideWhenFaceDown": false,
  "MaterialIndex": -1,
  "MeshIndex": -1,
  "Name": "Custom_Model_Bag",
  "Nickname": "Das Verm\u00e4chtnis von Dunwich",
  "Transform": {
    "posX": 55.478,
    "posY": 2.2,
    "posZ": 20.972,
    "rotX": 0,
    "rotY": 270,
    "rotZ": 0,
    "scaleX": 1,
    "scaleY": 0.14,
    "scaleZ": 1
  }
}
