{
  "ColorDiffuse": {
    "b": 1,
    "g": 1,
    "r": 1
  },
  "ContainedObjects_order": [
    "03260.fccd7c",
    "03255.6639ca",
    "03256.63d707",
    "03260.1292ea",
    "03257.8050d8",
    "03258.af6a78",
    "03260.44de1f",
    "03061.6c24e1",
    "03248.0da38f",
    "03249.29af87",
    "03250.3e2e29",
    "03251.4fe553",
    "03252.c6ae88",
    "03258.06f32e",
    "03258.fff16d",
    "03061.59a1ff",
    "03061.7b4468",
    "03252.980766",
    "03253.7afe89",
    "03259.2593e5",
    "03259.ee94a4",
    "03062.2f675b",
    "03062.29e8ed",
    "03240.566b92",
    "03241.b9a1c9",
    "03242.e056ae",
    "03243.285f60",
    "03244.bd6c0b",
    "03245.5af202",
    "03246.fb7f30",
    "03247.a0d49a",
    "03253.99de05",
    "03259.7ddae0",
    "03062.5623c0",
    "03254.30b4ee",
    "03248.dc3c46",
    "03225.4c724c",
    "03220.5a3c4b",
    "03221.721f4c",
    "03225.85470b",
    "03210.f5474c",
    "03211.f79e02",
    "03212.cb9b5a",
    "03222.dfb725",
    "03226.319c70",
    "03213.36c2f6",
    "03222.0240b9",
    "03226.a66d19",
    "03200.168659",
    "03201.e98085",
    "03202.e7837c",
    "03203.e16942",
    "03204.5470d3",
    "03214.d742d2",
    "03223.b8bffb",
    "03227.d0971d",
    "03205.0ba813",
    "03215.ca5a80",
    "03223.fa92a3",
    "03227.77353d",
    "03216.5c113c",
    "03224.449db3",
    "03227.c63d84",
    "03206.c550c9",
    "03224.834e76",
    "03227.06700e",
    "03217.b2412e",
    "03207.a08925",
    "03224.dc0f1b",
    "03218.26ad33",
    "03208.dd6d91",
    "03225.34f4f6",
    "03219.2b701a",
    "03209.7c9e57",
    "03182.1de441",
    "03173.a6b425",
    "03174.ddd212",
    "03175.f9e790",
    "03183.363f5d",
    "03183.7bed1e",
    "03176.3718ea",
    "03177.1b3a73",
    "03184.fd3625",
    "03184.a2221f",
    "03178.426a0e",
    "03179.b4e1ae",
    "03184.123274",
    "03185.dcf418",
    "03164.0af5a5",
    "03165.6d3fe4",
    "03166.fe6a79",
    "03167.9375a7",
    "03168.ba6fbe",
    "03169.c11151",
    "03170.1f54dd",
    "03185.8e9cf6",
    "03171.ee58fd",
    "03180.fd9f0d",
    "03186.eafc34",
    "03181.bc1cda",
    "03172.c89360",
    "03188.111b6f",
    "03188.9dc52b",
    "03188.74e743",
    "03187.5660f9",
    "03159.4a6618",
    "03160.2e1b50",
    "03161.402ad6",
    "03162.1b4644",
    "03163.6d8fa6",
    "03144.c19f57",
    "03137.b3bce8",
    "03144.f3bfbb",
    "03136.fb831f",
    "03138.bb9846",
    "03139.384088",
    "03144.fe928f",
    "03145.bd6b61",
    "03128.3c2eb4",
    "03129.3b8436",
    "03130.4292b2",
    "03131.60f7d9",
    "03132.43291b",
    "03140.c0ebfd",
    "03145.148d69",
    "03145.80ef6c",
    "03133.101087",
    "03141.822276",
    "03142.d61b2d",
    "03146.ea6f73",
    "03134.ad1de8",
    "03146.789d4b",
    "03135.a75fc6",
    "03143.4f13b8",
    "03123.37dc3b",
    "03124.f6118f",
    "03125.0e3dc7",
    "03126.888e3c",
    "03127.aca55b",
    "03120.d75188",
    "03121.59b132",
    "03122.d51fd6",
    "03079.2a6c82",
    "03080.ab8709",
    "03070.a688a1",
    "03071.12b365",
    "03072.5aefef",
    "03073.5921dd",
    "03081.8790e9",
    "03082.b07078",
    "03061.af4f5c",
    "03062.861a0d",
    "03063.bde14c",
    "03064.5c1e32",
    "03065.46f27c",
    "03066.946f3e",
    "03074.bd55a8",
    "03075.146481",
    "03082.ff5a17",
    "03083.50e1c3",
    "03067.28d7ec",
    "03076.326c82",
    "03083.238091",
    "03068.388825",
    "03077.4740fb",
    "03078.c99f25",
    "03069.27641e",
    "03066.7fae1f",
    "03066.568fa7",
    "03067.1cea2b",
    "03067.0006a3",
    "03068.5d2e54",
    "03068.46b731",
    "03101.05cb1b",
    "03101.c9c6ad",
    "03102.987afd",
    "03102.050e76",
    "03103.8f75f0",
    "03103.55b0a7",
    "03071.3d4371",
    "03072.4d057d",
    "03073.02b907",
    "03074.02919c",
    "03075.0412f4",
    "03075.d041da",
    "03065.760977",
    "03065.2725d9",
    "03065.021623",
    "03076.c8e3db",
    "03076.7b52ad",
    "03076.bdb5dc",
    "03077.736e64",
    "03077.461c3d",
    "03078.dec47a",
    "03078.a2d4c3",
    "03098.d28cec",
    "03098.aac611",
    "03098.ffb09e",
    "03099.8a1262",
    "03100.f20210",
    "03100.230320",
    "03093.286fb4",
    "03093.00fef7",
    "03094.36c19b",
    "03094.1645da",
    "03095.dba7ae",
    "03095.49c589",
    "03096.e5e5db",
    "03096.f8b182",
    "03097.9fd9f2",
    "03097.6cb9b2",
    "03104.82db95",
    "03104.dd847f",
    "03105.a43b09",
    "03086.76c989",
    "03086.d68159",
    "03087.07bbab",
    "03087.ad4a8c",
    "03090.bb90ff",
    "03090.77c787",
    "03091.cecbfe",
    "03091.c1644b",
    "03092.037a47",
    "03092.018842",
    "03088.6e91a2",
    "03089.842b94",
    "03089.b3d415",
    "03069.f18c2c",
    "03069.21b005",
    "03070.232d76",
    "03070.5ca776",
    "03085.d3eccd",
    "03085.aec2e0",
    "03084d.543007",
    "03084c.484d2a",
    "03084b.567f51",
    "03084a.f6fcd6",
    "03297.186daa",
    "03298.4c0865",
    "03279b.688170",
    "03276a.260ddc",
    "03291.9207c7",
    "03281.d1b083",
    "03302.5246b9",
    "03302.0da4a5",
    "03290.edd743",
    "03280.7c861e",
    "03278.c65558",
    "03301.82b7fd",
    "03301.81fd57",
    "03289.112e21",
    "03288.a779ff",
    "03277.a6699d",
    "03300.114b24",
    "03300.ae479a",
    "03287.e68d50",
    "03286.ecd44b",
    "03275.745cae",
    "03274.5bc4b0",
    "03302.d38b06",
    "03303.e33bdc",
    "03303.c31a7f",
    "03303.736379",
    "03295.a4681f",
    "03294.6967b4",
    "03285.db2751",
    "03293.f73c70",
    "03284.5f5417",
    "03283.b3eaff",
    "03282.ae3038",
    "03292.d4b06a",
    "03296.d3acdb",
    "03299.95429f",
    "03276b.5d9a1d",
    "03279a.eea278",
    "03050.3e29a0",
    "03060.ab99f8",
    "03049.0ff1ff",
    "03059.5a6009",
    "03058.e31e95",
    "03048.f4733f",
    "03057.bd429c",
    "03056.e2516a",
    "03055.69409e",
    "03045.ed8d82",
    "03044.503f1c",
    "03043.1481a8",
    "03054.bc6fba",
    "03046.707c79",
    "03053.a55089",
    "03052.4dba0c",
    "03051.09d68f",
    "03047c.1a5734",
    "03047a.3e94ec",
    "03047b.1e607d",
    "03324.a1496b",
    "03337.6c20e9",
    "03337.96a193",
    "03330.a6bd72",
    "03337.1007f6",
    "03331.4c07e5",
    "03338.8e7452",
    "03338.391cc4",
    "03325.8b97a9",
    "03332.ba11f5",
    "03339.9a2b43",
    "03333.115a7c",
    "03334.af1ce1",
    "03340.1f26e1",
    "03326d.204233",
    "03335.261893",
    "03341.3c29f9",
    "03336.cb31f3",
    "03342.59404e",
    "03316.619225",
    "03317.162707",
    "03318.960b42",
    "03319.861a32",
    "03320.9fb4a6",
    "03321.eda87c",
    "03322.c0b036",
    "03323.994d3f",
    "03326b.ad5e87",
    "03327b.83ec62",
    "03327d.62994d",
    "03327f.f9511f",
    "03328b.99374c",
    "03328d.71da34",
    "03328f.e4de22",
    "03329d.03eaa0",
    "03329b.9af16d"
  ],
  "ContainedObjects_path": "DerPfadnachCarcosa.6ad5dd",
  "CustomMesh": {
    "ColliderURL": "https://steamusercontent-a.akamaihd.net/ugc/1830153464725326654/AFB8F257CE1E4973F4C06160A2E156C147AEE1E3/",
    "CustomShader": {
      "FresnelStrength": 0,
      "SpecularColor": {
        "b": 1,
        "g": 1,
        "r": 1
      },
      "SpecularIntensity": 0,
      "SpecularSharpness": 2
    },
    "DiffuseURL": "https://steamusercontent-a.akamaihd.net/ugc/1830153464725325574/31AA7BCC323388EB33BD7A4DF29114529A4E9B91/",
    "MaterialIndex": 3,
    "MeshURL": "https://steamusercontent-a.akamaihd.net/ugc/1830153464725326654/AFB8F257CE1E4973F4C06160A2E156C147AEE1E3/",
    "TypeIndex": 6
  },
  "GUID": "6ad5dd",
  "Hands": false,
  "HideWhenFaceDown": false,
  "Name": "Custom_Model_Bag",
  "Nickname": "Der Pfad nach Carcosa",
  "Transform": {
    "posX": 82.165,
    "posY": 3.166,
    "posZ": -68.204,
    "rotX": 0,
    "rotY": 270,
    "rotZ": 0,
    "scaleX": 1,
    "scaleY": 0.14,
    "scaleZ": 1
  }
}