{
  "Bag": {
    "Order": 0
  },
  "ColorDiffuse": {
    "b": 1,
    "g": 1,
    "r": 1
  },
  "ContainedObjects_order": [
    "Card.c0ebfd",
    "Card.822276",
    "Card.d61b2d",
    "Card.4f13b8",
    "Card.384088",
    "Card.789d4b",
    "Card.ea6f73",
    "Card.80ef6c",
    "Card.148d69",
    "Card.bd6b61",
    "Card.fe928f",
    "Card.f3bfbb",
    "Card.c19f57",
    "Card.9876ba",
    "Card.455717",
    "Card.c4fba1",
    "Card.d5d501",
    "Card.9891e7",
    "Card.230320",
    "Card.f20210",
    "Card.8a1262",
    "Card.ffb09e",
    "Card.aac611",
    "Card.d28cec",
    "Card.d3eccd",
    "Card.aec2e0",
    "Card.543007",
    "Card.484d2a",
    "Card.567f51",
    "Card.f6fcd6",
    "Card.be4994",
    "Card.241338",
    "Card.37dc3b",
    "Card.d51fd6",
    "Card.59b132",
    "Card.888e3c",
    "Card.0e3dc7",
    "Card.f6118f",
    "Card.d75188",
    "Card.bb9846",
    "Card.fb831f",
    "Card.b3bce8",
    "Card.ad1de8",
    "Card.43291b",
    "Card.101087",
    "Card.4292b2",
    "Card.3c2eb4",
    "Card.3b8436",
    "Card.aca55b",
    "Card.60f7d9",
    "Card.a75fc6",
    "Card.8790e9",
    "Card.050e76",
    "Card.9fd9f2",
    "Card.50e1c3",
    "Card.55b0a7",
    "Card.f8b182",
    "Card.49c589",
    "Card.b07078",
    "Card.e5e5db",
    "Card.987afd",
    "Card.c9c6ad",
    "Card.6cb9b2",
    "Card.82db95",
    "Card.a43b09",
    "Card.dba7ae",
    "Card.dd847f",
    "Card.ff5a17",
    "Card.05cb1b",
    "Card.8f75f0",
    "Card.238091",
    "Card.bde14c",
    "Card.861a0d",
    "Card.5c1e32",
    "Card.af4f5c",
    "Card.27641e",
    "Card.46f27c",
    "Card.946f3e",
    "Card.28d7ec",
    "Card.388825",
    "Card.ab8709",
    "Card.4740fb",
    "Card.c99f25",
    "Card.2a6c82",
    "Card.326c82",
    "Card.146481",
    "Card.5921dd",
    "Card.5aefef",
    "Card.bd55a8",
    "Card.12b365",
    "Card.a688a1",
    "03053.a55089",
    "03054.bc6fba",
    "03055.69409e",
    "03056.e2516a",
    "03059.5a6009",
    "03058.e31e95",
    "03057.bd429c",
    "03060.ab99f8",
    "03084.567f51",
    "03085.aec2e0",
    "03093.00fef7",
    "03094.1645da",
    "03084.f6fcd6",
    "03094.36c19b",
    "03098.ffb09e",
    "03090.bb90ff",
    "Card.230320",
    "03098.aac611",
    "03098.d28cec",
    "03091.cecbfe",
    "03099.8a1262",
    "03091.c1644b",
    "Card.484d2a",
    "03092.018842",
    "03100.f20210",
    "Card.77c787",
    "03092.037a47",
    "03084.543007",
    "03093.286fb4",
    "03085.d3eccd",
    "03045.ed8d82",
    "03044.503f1c",
    "03047.3e94ec",
    "03048.f4733f",
    "03047.1e607d",
    "03046.707c79",
    "03047.1a5734",
    "03043a.1481a8",
    "03051.09d68f",
    "03052.4dba0c",
    "03049.0ff1ff",
    "03050.3e29a0",
    "Card.721f4c",
    "Card.06700e",
    "Card.c63d84",
    "Card.77353d",
    "Card.d0971d",
    "Card.a66d19",
    "Card.319c70",
    "Card.85470b",
    "Card.4c724c",
    "Card.34f4f6",
    "Card.0240b9",
    "Card.dfb725",
    "Card.449db3",
    "Card.834e76",
    "Card.dc0f1b",
    "Card.018842",
    "Card.037a47",
    "Card.c1644b",
    "Card.cecbfe",
    "Card.ad4a8c",
    "Card.07bbab",
    "Card.d68159",
    "Card.76c989",
    "Card.a43b09",
    "Card.dd847f",
    "Card.82db95",
    "Card.9891e7",
    "Card.d5d501",
    "Card.77c787",
    "Card.bb90ff",
    "Card.c550c9",
    "Card.5470d3",
    "Card.fa92a3",
    "Card.b8bffb",
    "Card.455717",
    "Card.c4fba1",
    "Card.9876ba",
    "Card.a08925",
    "Card.0ba813",
    "Card.168659",
    "Card.f79e02",
    "Card.cb9b5a",
    "Card.36c2f6",
    "Card.f5474c",
    "Card.7c9e57",
    "Card.b2412e",
    "Card.26ad33",
    "Card.5c113c",
    "Card.ca5a80",
    "Card.2b701a",
    "Card.5a3c4b",
    "Card.d742d2",
    "Card.dd6d91",
    "Card.e16942",
    "Card.e7837c",
    "Card.e98085",
    "Card.af1ce1",
    "Card.115a7c",
    "Card.ba11f5",
    "Card.6e91a2",
    "Card.f20210",
    "Card.9a2b43",
    "Card.aec2e0",
    "Card.f6fcd6",
    "Card.543007",
    "Card.391cc4",
    "Card.567f51",
    "Card.aac611",
    "Card.8e7452",
    "Card.1f26e1",
    "Card.261893",
    "Card.230320",
    "Card.cb31f3",
    "Card.59404e",
    "Card.96a193",
    "Card.ffb09e",
    "Card.6c20e9",
    "Card.b3d415",
    "Card.1007f6",
    "Card.484d2a",
    "Card.3c29f9",
    "Card.842b94",
    "Card.d28cec",
    "Card.8a1262",
    "Card.d3eccd",
    "Card.4c07e5",
    "Card.a6bd72",
    "Card.8b97a9",
    "Card.03eaa0",
    "Card.9af16d",
    "Card.204233",
    "Card.ad5e87",
    "Card.e4de22",
    "Card.99374c",
    "Card.71da34",
    "Card.62994d",
    "Card.83ec62",
    "Card.f9511f",
    "Card.f8a39c",
    "Card.c0b036",
    "Card.fb8cee",
    "Card.ae4e29",
    "Card.994d3f",
    "Card.be6801",
    "Card.ae4e29",
    "Card.994d3f",
    "Card.be6801",
    "Card.f8a39c",
    "Card.c0b036",
    "Card.fb8cee",
    "Card.9fb4a6",
    "Card.a1496b",
    "Card.eda87c",
    "Card.861a32",
    "Card.960b42",
    "Card.162707",
    "Card.619225",
    "Card.381b57",
    "Card.03e6fd",
    "Card.114b24",
    "Card.ae479a",
    "Card.82b7fd",
    "Card.81fd57",
    "Card.6967b4",
    "Card.d3acdb",
    "Card.6e91a2",
    "Card.a4681f",
    "Card.95429f",
    "Card.27641e",
    "Card.b63d59",
    "Card.5d9a1d",
    "Card.5310ad",
    "Card.6abbec",
    "Card.eea278",
    "Card.a7098d",
    "Card.d1b083",
    "Card.ae3038",
    "Card.4c0865",
    "Card.186daa",
    "Card.27641e",
    "Card.6967b4",
    "Card.81fd57",
    "Card.82b7fd",
    "Card.ae479a",
    "Card.114b24",
    "Card.6e91a2",
    "Card.a4681f",
    "Card.a6699d",
    "Card.260ddc",
    "Card.745cae",
    "Card.7c861e",
    "Card.688170",
    "Card.c65558",
    "Card.f73c70",
    "Card.d4b06a",
    "Card.842b94",
    "Card.07bbab",
    "Card.0da4a5",
    "Card.736379",
    "Card.82db95",
    "Card.dd847f",
    "Card.c1644b",
    "Card.5246b9",
    "Card.77c787",
    "Card.037a47",
    "Card.cecbfe",
    "Card.ad4a8c",
    "Card.d38b06",
    "Card.bb90ff",
    "Card.a43b09",
    "Card.b3d415",
    "Card.76c989",
    "Card.018842",
    "Card.d68159",
    "Card.e33bdc",
    "Card.c31a7f",
    "Card.5bc4b0",
    "Card.9207c7",
    "Card.112e21",
    "Card.edd743",
    "Card.a779ff",
    "Card.e68d50",
    "Card.ecd44b",
    "Card.db2751",
    "Card.5f5417",
    "Card.b3eaff",
    "Card.1b3a73",
    "Card.1f54dd",
    "Card.9dc52b",
    "Card.5660f9",
    "Card.eafc34",
    "Card.111b6f",
    "Card.74e743",
    "Card.dcf418",
    "Card.8e9cf6",
    "Card.9fd9f2",
    "Card.6cb9b2",
    "Card.d3eccd",
    "Card.aec2e0",
    "Card.543007",
    "Card.484d2a",
    "Card.567f51",
    "Card.f6fcd6",
    "Card.55b0a7",
    "Card.8f75f0",
    "Card.050e76",
    "Card.987afd",
    "Card.c9c6ad",
    "Card.05cb1b",
    "Card.3718ea",
    "Card.7bed1e",
    "Card.363f5d",
    "Card.b3d415",
    "Card.842b94",
    "Card.6e91a2",
    "Card.1b4644",
    "Card.402ad6",
    "Card.2e1b50",
    "Card.b4e1ae",
    "Card.bc1cda",
    "Card.fd9f0d",
    "Card.1de441",
    "Card.426a0e",
    "Card.9375a7",
    "Card.fe6a79",
    "Card.6d3fe4",
    "Card.0af5a5",
    "Card.6d8fa6",
    "Card.a6b425",
    "Card.ba6fbe",
    "Card.c11151",
    "Card.49c589",
    "Card.f8b182",
    "Card.123274",
    "Card.dba7ae",
    "Card.a2221f",
    "Card.e5e5db",
    "Card.fd3625",
    "Card.c89360",
    "Card.ddd212",
    "Card.ee58fd",
    "Card.f9e790",
    "Card.28d7ec",
    "Card.8050d8",
    "Card.63d707",
    "Card.5623c0",
    "Card.29e8ed",
    "Card.2f675b",
    "Card.7b4468",
    "Card.59a1ff",
    "Card.6c24e1",
    "Card.44de1f",
    "Card.1292ea",
    "Card.fccd7c",
    "Card.7ddae0",
    "Card.ee94a4",
    "Card.2593e5",
    "Card.fff16d",
    "Card.06f32e",
    "Card.af6a78",
    "Card.1645da",
    "Card.36c19b",
    "Card.00fef7",
    "Card.286fb4",
    "Card.e056ae",
    "Card.b9a1c9",
    "Card.fb7f30",
    "Card.5af202",
    "Card.bd6c0b",
    "Card.285f60",
    "Card.566b92",
    "Card.30b4ee",
    "Card.6639ca",
    "Card.99de05",
    "Card.7afe89",
    "Card.a0d49a",
    "Card.dc3c46",
    "Card.0da38f",
    "Card.29af87",
