{
  "ColorDiffuse": {
    "b": 1,
    "g": 1,
    "r": 1
  },
  "ContainedObjects_order": [
    "07041.6471c3",
    "07050.1c5dc8",
    "07051.138dba",
    "07052.9680db",
    "07053.2a47a8",
    "07054.790f13",
    "07042.dcd0c5",
    "07043.2362ad",
    "07044.cd5c55",
    "07045.517124",
    "07046.c7d6f9",
    "07047.ec0638",
    "07048.a244a3",
    "07049.125140",
    "07054.676629",
    "07055.cab9bf",
    "07055.f891cd",
    "07055.98f476",
    "07056.33f182",
    "07081.019465",
    "07071.37d70e",
    "07072.586852",
    "07073.5cce30",
    "07074.0bdee2",
    "07082.af24a3",
    "07083.216e04",
    "07057.21173b",
    "07058.24396a",
    "07059.89ebe4",
    "07062.decc05",
    "07.2f6316",
    "07064.fe38bc",
    "07065.d1fe6f",
    "07066.3e18d8",
    "07075.ab2084",
    "07076.176627",
    "07060.b3eac1",
    "07061.228209",
    "07067.baa31c",
    "07068.7e83a5",
    "07077.87f4bc",
    "07078.ef4f7d",
    "07069.b79997",
    "07079.17c6ce",
    "07070.bbcbd2",
    "07080.91c498",
    "07138.67fbe7",
    "07147.23af2b",
    "07123.aa60b1",
    "07127.37e07d",
    "07139.d68c14",
    "07140.2cf67a",
    "07148.e0fbf0",
    "07148.d32fd4",
    "07129.a233ad",
    "07130.d948ef",
    "07141.b4c616",
    "07142.3df007",
    "07149.565798",
    "07149.8c90dd",
    "07124.8accb5",
    "07125.87e0d3",
    "07126.7ae76a",
    "07128.89d2a8",
    "07131.bf5abe",
    "07132.704b17",
    "07133.5abe0a",
    "07143.5d0552",
    "07144.6ee1ab",
    "07145.aa3921",
    "07149.e23b6e",
    "07150.5cb750",
    "07151.a0135c",
    "07134.d45b54",
    "07135.10477a",
    "07145.37c4dd",
    "07146.b26627",
    "07146.0f2f9c",
    "07146.261db0",
    "07136.3d983e",
    "07137.c3f023",
    "07180.a6c688",
    "07185.090b18",
    "07184.34a86d",
    "07184.34d1b5",
    "07188.52ec2e",
    "07176.e4eddb",
    "07177.8765b3",
    "07177.1d52f0",
    "07178.1655bd",
    "07183.5bd392",
    "07188.eef0c5",
    "07176.78c935",
    "07182.2c8701",
    "07183.1de10d",
    "07187.99d7f4",
    "07188.9d9764",
    "07175.49d06c",
    "07175.47e6cf",
    "07182.fd7e30",
    "07187.7df473",
    "07174.54b4ee",
    "07181.986dbc",
    "07186.c8ba1b",
    "07164.3d27d7",
    "07166.ec8f5c",
    "07167.826a5b",
    "07168.9f9a18",
    "07171.3654fe",
    "07170.99e45c",
    "07171.43f1f0",
    "07172.36647f",
    "07186.6bf0eb",
    "07174.8f691a",
    "07165.357d2e",
    "07185.76971b",
    "07179.0b228f",
    "07173.c87c04",
    "07163.f6d955",
    "07198.bd495c",
    "07210.53a1f7",
    "07215.f64719",
    "07210.ae093b",
    "07214.1a59d9",
    "07204c.e97684",
    "07205a.b2fb36",
    "07205b.e76f15",
    "07209a.373401",
    "07214.991a38",
    "07219.65ec7e",
    "07204b.809853",
    "07209b.c8beef",
    "07213.88cba2",
    "07219.b07072",
    "07204a.7c4909",
    "07208c.5e367d",
    "07212.cc4023",
    "07213.55495f",
    "07218.ae6f32",
    "07218.182711",
    "07202.4a1e46",
    "07203.385cc7",
    "07208a.858486",
    "07208b.ada940",
    "07211.f29d4e",
    "07217.f0cb3c",
    "07201.642d41",
    "07207b.a3616a",
    "07210.f2456d",
    "07217.27f8ee",
    "07210.673604",
    "07216.ed9f10",
    "07200.ee69e4",
    "07207a.fc8bbc",
    "07216.f996af",
    "07206b.397219",
    "07210.feba61",
    "07199.f10b1a",
    "07210.e6da26",
    "07215.4fe992",
    "07206a.32970a",
    "07256.6fc95b",
    "07251.487347",
    "07241.f56b7c",
    "07242.a7e330",
    "07243.214e38",
    "07252.06e3cb",
    "07253.074bd8",
    "07256.391103",
    "07257.69ea2c",
    "07244.5ec3a6",
    "07254.04ec28",
    "07257.c2ef70",
    "07231.14cf89",
    "07233.6d4789",
    "07234.a34eb3",
    "07235.d91fa7",
    "07236.32047c",
    "07245.615889",
    "07254.6b6338",
    "07258.175083",
    "07237.ee0208",
    "07246.67a642",
    "07255.31994a",
    "07258.7a06c9",
    "07238.d2e1d0",
    "07247.f766ab",
    "07255.4beede",
    "07259.b812ba",
    "07259.f21a2d",
    "07232.1b0b9c",
    "07248.b3ff4a",
    "07255.ea75e9",
    "07260.ce7eca",
    "07239.4c1c4e",
    "07249.a4b3fa",
    "07255.7af68f",
    "07250.1f43d2",
    "07256.c4d951",
    "07260.5017cc",
    "07240.4293ad",
    "07300a.544c2e",
    "07278.5499c3",
    "07299.f1a69d",
    "07283.5c0be1",
    "07277.8e6716",
    "07297.473d79",
    "07296.77aef8",
    "07292a.2f80d7",
    "07281.c8c16e",
    "07297.6dbc2a",
    "07297.e7ab98",
    "07296.c2075d",
    "07291.1f041b",
    "07282.e0d28b",
    "07299.6d11fa",
    "07298.e51c74",
    "07298.62b601",
    "07298.4f466c",
    "07295.8100f4",
    "07295.eaf9a9",
    "07290.ea4946",
    "07289.f6074c",
    "07288.8985a9",
    "07280.68c705",
    "07274.121042",
    "07295.175521",
    "07294.e757fd",
    "07287.8641bd",
    "07294.bcfd40",
    "07293.b2b638",
    "07286.5314bc",
    "07276.5cb6d9",
    "07275.93957d",
    "07292b.caa0fe",
    "07285.2815c1",
    "07279.9cd384",
    "07284.1ea78b",
    "07335.b3ef6c",
    "07327.ab77ba",
    "07335.b18351",
    "07326.17f067",
    "07335.ee29c6",
    "07325.920446",
    "07334.f0c480",
    "07338.839b9d",
    "07324.b17047",
    "07334.acd9ea",
    "07338.1da731",
    "07323.c6bf87",
    "07333.a54237",
    "07338.39c95f",
    "07338.744409",
    "07323.05002e",
    "07333.258783",
    "07337.b02469",
    "07323.ebc28f",
    "07332.bc1c23",
    "07337.118ca5",
    "07322.aac131",
    "07331.0ad85c",
    "07336.727438",
    "07322.123a1a",
    "07330.ae4510",
    "07336.799bed",
    "07321.883071",
    "07329.729737",
    "07328.9c93de",
    "07321.a08c10",
    "07312.6c5045",
    "07313.508a31",
    "07314.368ff5",
    "07315.607135",
    "07316.03308a",
    "07317.b3cb93",
    "07318.524b1f",
    "07319.67e473",
    "07319.891986",
    "07320.073e49",
    "07311.4de3c6",
    "07102.011dfb",
    "07104.566d8a",
    "07104.53bf6d",
    "07103.e0ff1a",
    "07103.571c7d",
    "07102.4c74dc",
    "07101.f2a3d6",
    "07101.8b2a43",
    "07100.a8dc36",
    "07100.a611fa",
    "07091.4f8d22",
    "07093.c2df94",
    "07093.67b95d",
    "07092.07a56e",
    "07092.bca179",
    "07091.dcf2c2",
    "07094.4ee153",
    "07095.030e78",
    "07095.bf7a04",
    "07088.0173db",
    "07089.bb8b85",
    "07090.4429d6",
    "07090.43354c",
    "07089.14700e",
    "07089.e3d253",
    "07099.997159",
    "07099.b9894e",
    "07105.b19808",
    "07107.047ec0",
    "07106.f53134",
    "07107.0b8b78",
    "07106.56c9ff",
    "07105.7dcf6d",
    "07086.d7e16e",
    "07087.b06de9",
    "07087.5eeb15",
    "07087.5727d7",
    "07084.8661a1",
    "07085.49eda8",
    "07085.fb497c",
    "07085.c45813",
    "07096.d3be83",
    "07098.2fc196",
    "07098.d6ff3b",
    "07097.1facee",
    "07096.9f5863",
    "07097.bc8ad2"
  ],
  "ContainedObjects_path": "DieInnsmouth-Verschwrung.331b38",
  "CustomMesh": {
    "CastShadows": true,
    "ColliderURL": "https://steamusercontent-a.akamaihd.net/ugc/1830153464725326654/AFB8F257CE1E4973F4C06160A2E156C147AEE1E3/",
    "Convex": true,
    "CustomShader": {
      "FresnelStrength": 0,
      "SpecularColor": {
        "b": 1,
        "g": 1,
        "r": 1
      },
      "SpecularIntensity": 0,
      "SpecularSharpness": 2
    },
    "DiffuseURL": "https://steamusercontent-a.akamaihd.net/ugc/1830153464725325651/FE2478D20B1A659C47FF5654250EC574E9D3655A/",
    "MaterialIndex": 3,
    "MeshURL": "https://steamusercontent-a.akamaihd.net/ugc/1830153464725326654/AFB8F257CE1E4973F4C06160A2E156C147AEE1E3/",
    "NormalURL": "",
    "TypeIndex": 6
  },
  "GUID": "331b38",
  "Hands": false,
  "HideWhenFaceDown": false,
  "Name": "Custom_Model_Bag",
  "Nickname": "Die Innsmouth-Verschwörung",
  "Transform": {
    "posX": 55.535,
    "posY": 2.2,
    "posZ": 21.79,
    "rotX": 0,
    "rotY": 270,
    "rotZ": 0,
    "scaleX": 1,
    "scaleY": 0.14,
    "scaleZ": 1
  }
}
