{
  "ColorDiffuse": {
    "b": 1,
    "g": 1,
    "r": 1
  },
  "ContainedObjects_order": [
    "06206.d9a00d",
    "06207.23ff95",
    "06208.c0caa1",
    "06209.69d676",
    "06210.bafdbf",
    "06211.0ae812",
    "06212.0e87a5",
    "06213.37cfd2",
    "06214.4a58dc",
    "06215.e830d5",
    "06216.d13b49",
    "06217.859104",
    "06218.24d4f0",
    "06219.97978f",
    "06220.d93573",
    "06221.858bca",
    "06222.e7858c",
    "06223.bc2846",
    "06224.2d7477",
    "06225.8ed4ae",
    "06226.88c379",
    "06227.5503ac",
    "06227.1d7669",
    "06228.9027dd",
    "06228.6533d7",
    "06228.e8c72b",
    "06229.db6080",
    "06229.ad0145",
    "06230.89dd61",
    "06230.703888",
    "06230.ef22a7",
    "06231.5f1ded",
    "06231.748020",
    "06231.c825a5",
    "06232.78fb85",
    "06232.a254a2",
    "06233.54a051",
    "06130.1eda5e",
    "06119.7b3a3a",
    "06120.9de0f1",
    "06121.a1f374",
    "06122.287dd3",
    "06123.f26835",
    "06124.5c2a21",
    "06125.69a81a",
    "06127.2620bd",
    "06128.7488b0",
    "06129.6cf851",
    "06131.d45bd7",
    "06132.dae9f6",
    "06133.d2a212",
    "06134.06a2ca",
    "06135.c9da7e",
    "06136.8029e2",
    "06137.c89d58",
    "06138.ae16a0",
    "06139.e4f91e",
    "06140.9f61a5",
    "06141.ba2cd7",
    "06142.6a9bc0",
    "06143.916bfb",
    "06144.13aa59",
    "06145.e3dd1d",
    "06146.394b7a",
    "06147.151e90",
    "06148.3e3bda",
    "06149.d1a51f",
    "06149.35ad09",
    "06149.e296f9",
    "06150.241c15",
    "06126.4510a2",
    "06150.6b93fb",
    "06151.4d40d9",
    "06151.9586e0",
    "06152.1c3001",
    "06152.12ee53",
    "06153.f6e185",
    "06153.a3ca56",
    "06154.d507db",
    "06154.ea171d",
    "06039.8ad8c7",
    "06040.271a02",
    "06041.cb4eb9",
    "06042.d18f05",
    "06043.f0a62e",
    "06044.5fe10f",
    "06045.edc412",
    "06046.4e3ee5",
    "06047.d8a730",
    "06048.deb7dc",
    "06049.1d2a92",
    "06050.8e818c",
    "06051.016f2e",
    "06052.b81f3b",
    "06053.c3a507",
    "06054.c21afe",
    "06055.563a53",
    "06056.8f4a93",
    "06057.bbdfc7",
    "06058.a4e4d1",
    "06059.61aa2d",
    "06060.46b99d",
    "06061.4cdbed",
    "06062.385070",
    "06062.589873",
    "06286.b73680",
    "06321.5c1367",
    "06313.a5ede0",
    "06313.7159d0",
    "06322.3d4a93",
    "06314.877106",
    "06322.6c5a88",
    "06287.314838",
    "06288.664d08",
    "06304.ecb50a",
    "06305.64b6ec",
    "06306.cb34db",
    "06307.f757f4",
    "06308.fff12a",
    "06315.3978c7",
    "06316.a192df",
    "06289.9fec2e",
    "06290.f38c9a",
    "06309.1dbb67",
    "06310.6eda89",
    "06317.cc8975",
    "06318.9253b9",
    "06291.68f496",
    "06292.6f0016",
    "06311.e974d7",
    "06318.10e405",
    "06293.adc723",
    "06295.dfa07d",
    "06296.68d7f8",
    "06297.e2f43b",
    "06298.f67b4b",
    "06299.aa5e4b",
    "06300.708b49",
    "06301.7ad9bb",
    "06302.6de2e8",
    "06303.d19e7b",
    "06312.d8cbc7",
    "06313.c62c84",
    "06319.d35726",
    "06320.e60441",
    "06294.67da32",
    "Card.e4ac60",
    "Card.6f9db5",
    "Card.dee820",
    "Card.8f9ca2",
    "Card.1aae9e",
    "Card.855d49",
    "Card.cf4c35",
    "Card.75a33e",
    "06247.4acf4e",
    "06267.e162fa",
    "06268.a28ba9",
    "06268.20f348",
    "06257.ac3abc",
    "06258.3bb039",
    "06259.dd0aba",
    "06260.1c0299",
    "06269.1c41dc",
    "06261.209ffc",
    "06269.db10f8",
    "06262.83ebb8",
    "06270.4b0484",
    "06248.66ae9b",
    "06249.4df6c2",
    "06250.80812b",
    "06251.3f9fb2",
    "06252.b0f232",
    "06253.00fc38",
    "06262.6d809e",
    "06270.d65172",
    "06254.df4ce4",
    "06262.58ccee",
    "06275.396bbf",
    "06255.ee3f99",
    "06262.ca0634",
    "06256.1d07b2",
    "06266.348505",
    "06168.b0f51f",
    "06173.58dd34",
    "06172.cd1c3d",
    "06171.3b93dc",
    "06170.57d6d0",
    "06169.fc6423",
    "06194.854546",
    "06194.86a083",
    "06190.a8ba3b",
    "06190.831ac0",
    "06190.94d7a7",
    "06191.785a92",
    "06191.d594e2",
    "06192.e1ceab",
    "06192.454c9d",
    "06193.bff12e",
    "06193.9aedee",
    "06182.a89651",
    "06183.710f02",
    "06184.29b91c",
    "06185.557e32",
    "06186.b71f1c",
    "06187.f808fd",
    "06188.9f4bf1",
    "06189.e7c15e",
    "06190.d4fe05",
    "06174.e58dc2",
    "06175.e503f0",
    "06176.ebe3a6",
    "06177.93c449",
    "06178.0d33c8",
    "06179.369981",
    "06180.92edb0",
    "06181.9b4bb1",
    "06063.97b167",
    "06069.61d6eb",
    "06082.67b16e",
    "06082.801482",
    "06083.ec24e6",
    "06068.36ea8c",
    "06081.b8d478",
    "06067.2b8984",
    "06081.adc403",
    "06066.7b67b3",
    "06080.321d86",
    "06065.8645b1",
    "06079.e77d37",
    "06075.a9e750",
    "06076.4500d3",
    "06070.1db681",
    "06071.251ed4",
    "06072.16ffd1",
    "06073.393792",
    "06074.af43a2",
    "06083.e0c231",
    "06064.76fca7",
    "06078.143667",
    "06083.eb6615",
    "06077.25d910",
    "06333.54c224",
    "06352.86c58f",
    "06352.3cec3e",
    "06345.40d069",
    "06345.35b165",
    "06346.5ca778",
    "06347.1ada8d",
    "06353.81a970",
    "06353.fb4245",
    "06348.cde3e3",
    "06353.e642a0",
    "06341.5df6f2",
    "06341.7ef817",
    "06342.c9f8a7",
    "06342.cf8f3c",
    "06342.8d004b",
    "06343.ae8d7e",
    "06343.2d3407",
    "06349.87afdf",
    "06350.8eea13",
    "06354.03c0c6",
    "06354.d3533b",
    "06344.8180b7",
    "06351.d59178",
    "06354.717d16",
    "06344.5d9e62",
    "06351.21e0d4",
    "06334.2f71fa",
    "06335.7a68bd",
    "06336.cf8d6f",
    "06337.f1fd95",
    "06338.5c9bef",
    "06339.c52ee6",
    "06340.c41c12",
    "06340.6c4e47",
    "06345.077e02",
    "06351.f34b4e",
    "06340.239162",
    "06106.a5f14d",
    "06106.868bb1",
    "06107.d5327d",
    "06107.858dcd",
    "06108.977496",
    "06109.78310f",
    "06100.ffcbc7",
    "06098.b652da",
    "06098.4e9736",
    "06099.655ad4",
    "06099.59b703",
    "06100.289241",
    "06096.8caba9",
    "06096.4d75b6",
    "06097.6d9319",
    "06097.49213a",
    "06103.d5ddca",
    "06101.31867c",
    "06102.7c49fb",
    "06102.67f4a2",
    "06102.20109a",
    "06103.fd96dd",
    "06092.bae1f7",
    "06091.64bcb1",
    "06091.772296",
    "06091.613c79",
    "06090.046a90",
    "06090.fb6857",
    "06090.22e3e2",
    "06095.1e8bc6",
    "06093.9288e9",
    "06093.fbd53e",
    "06094.528d9c",
    "06094.7b5255",
    "06095.bd121f",
    "06086.2ef30f",
    "06087.94dc21",
    "06088.4707c9",
    "06089.829e2f",
    "06085.f55bc9",
    "06084.76d305",
    "06084.452b40",
    "06085.7aeed9",
    "06104.639f91",
    "06104.452a7a",
    "06105.9c12ec",
    "06105.c8b5c2"
  ],
  "ContainedObjects_path": "DieTraumfresser.9def62",
  "CustomMesh": {
    "ColliderURL": "https://steamusercontent-a.akamaihd.net/ugc/1830153464725326654/AFB8F257CE1E4973F4C06160A2E156C147AEE1E3/",
    "CustomShader": {
      "FresnelStrength": 0,
      "SpecularColor": {
        "b": 1,
        "g": 1,
        "r": 1
      },
      "SpecularIntensity": 0,
      "SpecularSharpness": 2
    },
    "DiffuseURL": "https://steamusercontent-a.akamaihd.net/ugc/1830153464725325764/F05F90F503AED0E74B226125397EF317E7C01174/",
    "MaterialIndex": 3,
    "MeshURL": "https://steamusercontent-a.akamaihd.net/ugc/1830153464725326654/AFB8F257CE1E4973F4C06160A2E156C147AEE1E3/",
    "TypeIndex": 6
  },
  "GUID": "9def62",
  "Hands": false,
  "HideWhenFaceDown": false,
  "Name": "Custom_Model_Bag",
  "Nickname": "Die Traumfresser",
  "Transform": {
    "posX": 56.424,
    "posY": 2.199,
    "posZ": 20.183,
    "rotX": 0,
    "rotY": 270,
    "rotZ": 0,
    "scaleX": 1,
    "scaleY": 0.14,
    "scaleZ": 1
  }
}
